"","Model","RMSE_log","RMSE_log_scaled","RMSE_lin_bias","RMSE_lin_bask","RMSE_lin_bias_scaled","RMSE_lin_bask_scaled","meanAGB","RRMSE_lin_bask_scaled"
"1","1.Fixed",0.572165515167015,0.572165515167015,73.0465117214612,68.3388034216499,73.0465117214609,68.3388034216497,58.1199924743598,117.582264746159
"2","1.MixedInt_Species&Site",0.505632952780604,0.505632952781734,60.5827366258995,55.2511414598463,60.5827366286144,55.2511414623339,58.1199924743598,95.0639170965282
"3","1.MixedIntSlope_Species&Site",0.423883021001248,0.423883279776299,72.9394115625061,69.4730726746791,72.9393194540799,69.4729350519834,58.1199924743598,119.533627060657
"4","1.MixedInt_Species",0.527344991145843,0.527344991145866,69.4871141307241,66.8477250074734,69.4871141307422,66.8477250074741,58.1199924743598,115.016747527909
"5","1.MixedIntSlope_Species",0.484863626718232,0.484863634074264,72.6970930961997,67.9652069569493,72.6970595827545,67.9651699652103,58.1199924743598,116.939399115018
"6","1.MixedInt_Site",0.55260061262081,0.552600612620747,69.5327733256714,63.8978175278898,69.5327733256523,63.8978175278633,58.1199924743598,109.941200622234
"7","1.MixedIntSlope_Site",0.478561647734124,0.478561686943331,78.2005196063952,74.6866379525845,78.2003985710953,74.6864994878127,58.1199924743598,128.50397308768
"8","2.Fixed",0.967438403038262,0.967438403038262,72.9955528892795,68.4265454612664,72.9955528892796,68.4265454612664,38.9916792505074,175.49012193512
"9","2.MixedInt_Species&Site",0.758470547309416,0.758470547307549,69.4319820774961,66.5905627245807,69.4319820777041,66.5905627251626,38.9916792505074,170.781469290775
"10","2.MixedIntSlope_Species&Site",0.674082894123494,0.674082680440934,65.0226989390459,62.8525085257603,65.0226119113388,62.8524106819859,38.9916792505074,161.194418630144
"11","2.MixedInt_Species",0.934599711913912,0.934599711957881,69.6149136406616,65.415227819975,69.6149136716358,65.4152278224525,38.9916792505074,167.767146939693
"12","2.MixedIntSlope_Species",0.92717268159996,0.927172702445817,69.0105191531587,66.0405580444696,69.010521852791,66.0405686002671,38.9916792505074,169.370927002093
"13","2.MixedInt_Site",0.773766265561432,0.773766265561484,69.4399928820581,66.3333675600858,69.4399928820544,66.3333675600406,38.9916792505074,170.121853777758
"14","2.MixedIntSlope_Site",0.697352074140448,0.697352100004557,66.613426186312,64.5922736228671,66.6134338090024,64.5922834915385,38.9916792505074,165.656582976477
"15","3.Fixed",0.94372482887019,0.94372482887019,55.7692668522959,51.8919122415492,55.7692668522959,51.8919122415491,37.6207445358899,137.934304282693
"16","3.MixedInt_Species&Site",0.864040653046409,0.86404065346649,48.5410760323076,49.9634000239013,48.5410761842316,49.9633992165486,37.6207445358899,132.808108486221
"17","3.MixedIntSlope_Species&Site",0.807783291157455,0.807783556434027,52.2273458220002,78.55210244405,52.2286925201788,78.554920664098,37.6207445358899,208.807458845364
"18","3.MixedInt_Species",0.92265914018061,0.922659140176038,58.3286132513603,51.5927229454108,58.3286132544169,51.5927229479912,37.6207445358899,137.139026844012
"19","3.MixedIntSlope_Species",0.919200955089305,0.919200966636172,56.7740102778221,50.8715685109989,56.7739802875012,50.8715704860383,37.6207445358899,135.222125754335
"20","3.MixedInt_Site",0.874301606745999,0.874301606745999,46.6541700750836,48.8492827740701,46.6541700750837,48.84928277407,37.6207445358899,129.846666717263
"21","3.MixedIntSlope_Site",0.816495032646255,0.816495067552216,51.5005158757233,78.7708370331752,51.5005991414008,78.771010543247,37.6207445358899,209.381849070265
"22","4.Fixed",0.446178042319018,0.446178042319018,43.8560171954859,40.5637216655658,43.8560171954859,40.5637216655657,58.6218436734815,69.1955747613502
"23","4.MixedInt_Species&Site",0.397911211479432,0.397911211479748,47.2719112512214,45.2012878585075,47.2719112509484,45.2012878581813,58.6218436734815,77.1065613527075
"24","4.MixedIntSlope_Species&Site",0.3223531422541,0.322353453701665,36.7078980332311,34.4132829272318,36.708331183872,34.4136272551712,58.6218436734815,58.7044437681833
"25","4.MixedInt_Species",0.426567232445558,0.426567232445762,43.0341995224433,40.287667493608,43.0341995224553,40.2876674935691,58.6218436734815,68.7246680912457
"26","4.MixedIntSlope_Species",0.42527617119336,0.425276008964546,43.1228556713883,40.2168385600876,43.1227894238069,40.2168250843546,58.6218436734815,68.6038216545334
"27","4.MixedInt_Site",0.418492316684332,0.418492316684506,47.4559329892382,45.2742189644376,47.4559329891019,45.2742189642659,58.6218436734815,77.2309707904094
"28","4.MixedIntSlope_Site",0.344286148694741,0.34428617770159,37.3087504504568,34.6921373076823,37.3087026602406,34.6920920441543,58.6218436734815,59.179462586312
"29","5.Fixed",0.69441196844629,0.69441196844629,53.2750510068429,45.5033721270109,53.2750510068429,45.5033721270109,37.6207445358899,120.952875038401
"30","5.MixedInt_Species&Site",0.667725630484981,0.667725630466721,50.8314184252471,44.6516746834943,50.8314184362336,44.6516746973242,37.6207445358899,118.68897133263
"31","5.MixedIntSlope_Species&Site",0.589200011856157,0.589199724759232,41.1871299703503,43.0101597737515,41.1863801985179,43.0095607171956,37.6207445358899,114.32405511317
"32","5.MixedInt_Species",0.688239493618152,0.688239493621435,54.2144275455467,46.6099065122569,54.2144275443935,46.6099065109356,37.6207445358899,123.894162877266
"33","5.MixedIntSlope_Species",0.686962211834641,0.68696287705546,53.7399656169801,46.0745755443895,53.739695610181,46.0742991313158,37.6207445358899,122.470460645353
"34","5.MixedInt_Site",0.676570685808768,0.676570685808942,49.4000202414843,42.8121930405596,49.4000202415394,42.8121930405739,37.6207445358899,113.799430523581
"35","5.MixedIntSlope_Site",0.59797995356935,0.597980026094217,40.3483199048351,42.0596337728543,40.3483254977064,42.0596939250269,37.6207445358899,111.799206644893
"36","6.Fixed",0.456734965249866,0.456734965249866,43.4451436579601,41.131571346417,43.4451436579599,41.1315713464169,58.6218436734815,70.1642404416964
"37","6.MixedInt_Species&Site",0.396497220299474,0.396497220299086,44.7359866597791,43.0375002410355,44.7359866598156,43.0375002411245,58.6218436734815,73.4154669048616
"38","6.MixedIntSlope_Species&Site",0.378263275894012,0.462634702650409,41.6736304195945,40.6656751999633,49.7584220026341,48.6804533028576,58.6218436734815,83.0414914515542
"39","6.MixedInt_Species",0.420291705013828,0.420291704992314,42.1457638753246,40.3941740256962,42.1457638760092,40.3941740331578,58.6218436734815,68.9063521409354
"40","6.MixedIntSlope_Species",0.498400988427616,0.443647402148225,50.5507690319288,48.6559400854538,46.9019708481681,44.0554477488501,58.6218436734815,75.1519314101328
"41","6.MixedInt_Site",0.433251633997453,0.433251633997726,46.273601635841,44.4699922566733,46.2736016356446,44.4699922564551,58.6218436734815,75.8590816490676
"42","6.MixedIntSlope_Site",0.718701700285748,0.417597776312403,120.473914557125,128.333974999792,48.6920103119212,47.8960302300172,58.6218436734815,81.7033843165934
"43","7.Fixed",0.430613208635809,0.430613208635809,49.5416425242047,52.9250774069136,49.5416425242048,52.9250774069138,60.2396355096165,87.8575658022781
"44","7.MixedInt_Species&Site",0.379030560508293,0.379030560508791,33.2473023001179,34.5427098744456,33.2473022996792,34.5427098740108,60.2396355096165,57.3421628165338
"45","7.MixedIntSlope_Species&Site",0.35888869897711,0.387018758252864,29.5320640885374,29.4095419676405,26.5890866493469,27.286242932001,60.2396355096165,45.2961620719718
"46","7.MixedInt_Species",0.409620554487098,0.409620554537173,46.9583144182331,49.1680055149145,46.9583144460151,49.1680055519533,60.2396355096165,81.6206889965398
"47","7.MixedIntSlope_Species",0.440738442055503,0.406765314697846,49.2907623067326,52.1820488086635,45.602439615204,45.0915268126685,60.2396355096165,74.8535850710288
"48","7.MixedInt_Site",0.396001197628207,0.396001197628134,32.1085831621093,33.8099248553627,32.1085831619828,33.8099248552406,60.2396355096165,56.1257128619964
"49","7.MixedIntSlope_Site",0.63993573150515,0.32193244012713,63.003860108457,65.6980687304346,25.2951095693225,24.7927976624765,60.2396355096165,41.1569516527347
"50","8.Fixed",0.528008867375638,0.528008867375638,69.2160620330721,65.9197867938655,69.216062033072,65.9197867938654,58.1199924743598,113.420157139467
"51","8.MixedInt_Species&Site",0.506798272907523,0.506798272907645,61.2196255854485,55.773038400663,61.219625585558,55.7730384008111,58.1199924743598,95.9618816630368
"52","8.MixedIntSlope_Species&Site",0.499513565367516,0.488931740019875,86.0338591398584,84.5379181815222,78.6904135312856,78.0282421550697,58.1199924743598,134.253703128906
"53","8.MixedInt_Species",0.528008867375638,0.528008867375638,69.2160620330736,65.9286287338084,69.2160620330724,65.928628733808,58.1199924743598,113.43537038979
"54","8.MixedIntSlope_Species",0.576592238052221,0.485577411427858,68.406075874152,67.7610977043397,73.4520159799135,68.8474148429455,58.1199924743598,118.457370539609
"55","8.MixedInt_Site",0.506798272514511,0.506798272514484,61.2196252236504,55.7730379307412,61.2196252236222,55.7730379307048,58.1199924743598,95.9618808541821
"56","8.MixedIntSlope_Site",0.906175896348952,0.427319924453015,115.197056955626,123.147287303161,61.688931993958,57.2683132260627,58.1199924743598,98.534619135278
"57","9.Fixed",0.640973114302561,0.640973114302561,56.1850752082799,49.4890536547246,56.18507520828,49.4890536547246,37.6207445358899,131.547246779001
"58","9.MixedInt_Species&Site",0.603661197588341,0.603661193508317,55.8633240879881,50.9725659314161,55.8633252005017,50.9725675981375,37.6207445358899,135.490586980569
"59","9.MixedIntSlope_Species&Site",0.766413329654651,0.620109437075968,58.4056192644959,54.5319436446332,51.6474292609096,47.9104402555735,37.6207445358899,127.351121958438
"60","9.MixedInt_Species",0.640973114302561,0.640973114302561,56.1850752082799,49.5243085555013,56.1850752082798,49.5243085555012,37.6207445358899,131.640958110904
"61","9.MixedIntSlope_Species",0.673787408706099,0.618321140663764,59.5197189148181,53.9038537658351,54.3512655751257,48.0597573502729,37.6207445358899,127.74802291439
"62","9.MixedInt_Site",0.60620840394064,0.606208403940717,55.3077144239397,50.2493542236821,55.3077144239318,50.2493542236538,37.6207445358899,133.568207762917
"63","9.MixedIntSlope_Site",1.00632020244309,0.740402955723422,73.5477088051868,74.1932916842859,60.0704609803457,57.2135767210226,37.6207445358899,152.079862923609
"64","10.Fixed",0.954260704013022,0.954260704013022,72.093492583043,67.4530064332715,72.0934925830431,67.4530064332715,38.9916792505074,172.993335321391
"65","10.MixedInt_Species&Site",0.760519372333616,0.760519372327,68.8851543144627,65.7704874266334,68.8851543154512,65.7704874280882,38.9916792505074,168.678263394446
"66","10.MixedIntSlope_Species&Site",0.799495615479156,0.874099505460981,68.1594827415202,63.9714147670565,106.036879774336,133.905558111928,38.9916792505074,343.420854617811
"67","10.MixedInt_Species",0.934707604235286,0.934707604244746,69.678429344447,65.4345639916294,69.6784293495923,65.4345639925805,38.9916792505074,167.816737443359
"68","10.MixedIntSlope_Species",0.930757415984257,0.930258754000204,68.7157701237687,68.459480382988,69.2916104930857,66.4813886622987,38.9916792505074,170.501476058982
"69","10.MixedInt_Site",0.760807071448029,0.760807071443675,68.8435826877118,65.7080341119194,68.8435826880223,65.7080341153734,38.9916792505074,168.518092522313
"70","10.MixedIntSlope_Site",1.29768480885,1.19287604973269,66.1691374397645,66.1557200734108,147.209523721607,192.192023463836,38.9916792505074,492.905222750402
"71","11.Fixed",0.930901645924502,0.930901645924502,56.9555356761958,52.6624744216355,56.9555356761958,52.6624744216355,37.6207445358899,139.982541736769
"72","11.MixedInt_Species&Site",0.864445773294324,0.864445773294152,48.1873998083321,50.7282628911195,48.1873998083174,50.7282628914338,37.6207445358899,134.841198698339
"73","11.MixedIntSlope_Species&Site",0.891601417450783,0.919987155792787,52.6820169259452,45.6271950314091,60.2405104627803,50.5364492278199,37.6207445358899,134.33133727486
"74","11.MixedInt_Species",0.923110670279188,0.923110670115047,58.1576621176945,51.8258837088693,58.1576621791117,51.8258837117598,37.6207445358899,137.758793322972
"75","11.MixedIntSlope_Species",0.92398799162068,0.924059512824899,58.9018675419933,52.1591199873343,58.9162297857156,52.1715600444413,37.6207445358899,138.677638329752
"76","11.MixedInt_Site",0.864445593129791,0.864445593130123,48.1873839051813,50.7285542936746,48.1873839052113,50.7285542930763,37.6207445358899,134.84197327536
"77","11.MixedIntSlope_Site",0.842860762269434,0.920886323313479,88.2358223697675,140.380159608634,56.4343365502586,87.6638474556574,37.6207445358899,233.019969533104
"78","12.Fixed",0.359601016671424,0.359601016671424,37.7575032044469,35.9036804042715,37.7575032044467,35.9036804042714,60.2396355096165,59.6014237146901
"79","12.MixedInt_Species&Site",0.330713804902386,0.330713804903077,39.1802188749067,37.6727043421907,39.1802188748257,37.6727043420689,60.2396355096165,62.5380682060317
"80","12.MixedIntSlope_Species&Site",0.836689440671746,0.403835863867105,132.531344531294,139.803055053151,47.1181948817895,49.7523723681147,60.2396355096165,82.5907593019422
"81","12.MixedInt_Species",0.3452879853162,0.345287985316447,36.2871569798484,34.6746757990803,36.2871569799263,34.6746757991322,60.2396355096165,57.5612310828089
"82","12.MixedIntSlope_Species",0.445029657655647,0.359691241590677,53.8510009358805,52.5237351427865,43.0609836263014,41.0105456210309,60.2396355096165,68.0790069098013
"83","12.MixedInt_Site",0.346565978673961,0.346565978673981,39.8240194092114,38.1897602984309,39.824019409197,38.1897602984157,60.2396355096165,63.3964000202477
"84","12.MixedIntSlope_Site",0.908787592638155,0.420191483136359,113.724950968614,117.468636532145,55.0710188220662,54.5072296946923,60.2396355096165,90.4839965142068
"85","13.Fixed",0.42062112531595,0.42062112531595,42.251049414165,40.740002128281,42.2510494141649,40.740002128281,58.6218436734815,69.496282572072
"86","13.MixedInt_Species&Site",0.398146735292085,0.398146725605201,43.8144976499318,42.1161627474245,43.8145042811294,42.11616941728,58.6218436734815,71.8438158510732
"87","13.MixedIntSlope_Species&Site",0.984008875739841,0.542070880521492,121.829954968272,129.463390795769,52.8464575726436,53.8624111675686,58.6218436734815,91.8811279078453
"88","13.MixedInt_Species",0.42062112531595,0.42062112531595,42.2510494141649,40.7443975836751,42.2510494141649,40.7443975836756,58.6218436734815,69.5037805542561
"89","13.MixedIntSlope_Species",0.433528308290387,0.416046324625469,46.3374038460591,43.4690383037424,44.1223472191127,41.6462830482086,58.6218436734815,71.042260765756
"90","13.MixedInt_Site",0.398146735633687,0.398146735633733,43.8144974160875,42.1161625078661,43.8144974160551,42.1161625078339,58.6218436734815,71.8438040646031
"91","13.MixedIntSlope_Site",1.01099118118331,0.427955132798536,201.927017922439,213.078845452892,40.7951645248483,39.6640526870343,58.6218436734815,67.6608755397726
"92","14.Fixed",0.415610001433912,0.415610001433912,50.904013450683,54.7596751784938,50.9040134506832,54.7596751784941,60.2396355096165,90.9030652580101
"93","14.MixedInt_Species&Site",0.379550805836053,0.379550805835798,32.1807395794169,33.8033345192342,32.1807395791477,33.8033345189439,60.2396355096165,56.1147726625066
"94","14.MixedIntSlope_Species&Site",0.641348883591775,0.293505460721401,68.4678415707045,72.7055684788091,23.913116073311,23.6173439082716,60.2396355096165,39.2056553936176
"95","14.MixedInt_Species",0.410043199634782,0.410043199634532,47.8254424244062,50.4280929141347,47.8254424241611,50.42809291379,60.2396355096165,83.7124801423139
"96","14.MixedIntSlope_Species",0.483857426356625,0.396818574079052,57.2196104116565,62.5566048686612,47.5707588147026,46.466293839527,60.2396355096165,77.1357486585543
"97","14.MixedInt_Site",0.380520723172596,0.380520723172555,31.5582660220086,33.398004395597,31.5582660219261,33.398004395515,60.2396355096165,55.4419098206254
"98","14.MixedIntSlope_Site",1.18618665512714,0.305934690334044,185.064687623394,194.523434080329,21.8942973812249,21.5268762071858,60.2396355096165,35.7354024888635
"99","15.Fixed",0.64074148835463,0.64074148835463,56.0590900203549,49.3358150698838,56.0590900203549,49.3358150698839,37.6207445358899,131.139922078942
"100","15.MixedInt_Species&Site",0.604069021741132,0.604069021754973,55.698226745213,50.7580169701669,55.6982267408889,50.7580169649032,37.6207445358899,134.920288237466
"101","15.MixedIntSlope_Species&Site",0.892325155998612,0.656555608592236,134.844627270552,159.633212893401,56.8225577571401,64.8440483637817,37.6207445358899,172.362480231939
"102","15.MixedInt_Species",0.64074148835463,0.64074148835463,56.0590900203546,49.3829906451936,56.0590900203548,49.3829906451939,37.6207445358899,131.265319850549
"103","15.MixedIntSlope_Species",0.763715919995077,0.617141548982211,50.9804641292777,54.0165151932142,54.097559182249,47.8191609795152,37.6207445358899,127.108491789406
"104","15.MixedInt_Site",0.605760877192384,0.605760876453773,55.2714047140923,50.2055397633034,55.2714047935953,50.2055400383759,37.6207445358899,133.451744928865
"105","15.MixedIntSlope_Site",1.65287561901662,0.996914792763996,119.465894472676,132.680116301487,74.0666387919545,74.8153932418788,37.6207445358899,198.867391288616
"106","16.Fixed",0.345134504392745,0.345134504392745,36.1718828801379,34.6090786405002,36.1718828801378,34.6090786405001,60.2396355096165,57.4523373983151
"107","16.MixedInt_Species&Site",0.331194048525667,0.33119404852558,38.4711155705965,36.9937861959716,38.4711155706624,36.9937861960401,60.2396355096165,61.411039232026
"108","16.MixedIntSlope_Species&Site",1.01125996518958,0.517956636530576,130.931568277395,135.739516653604,62.7911402655727,62.3021285600289,60.2396355096165,103.423813960633
"109","16.MixedInt_Species",0.345134504392745,0.345134504392745,36.1718828801381,34.623854772405,36.1718828801378,34.6238547724049,60.2396355096165,57.4768663181529
"110","16.MixedIntSlope_Species",0.379228481749685,0.341805772444056,48.9732848592483,47.0345209324089,42.1763763473337,40.0219306791157,60.2396355096165,66.4378699182644
"111","16.MixedInt_Site",0.331194049426121,0.331194049425989,38.4711148848435,36.9937854708426,38.4711148849441,36.9937854709471,60.2396355096165,61.4110380283452
"112","16.MixedIntSlope_Site",1.02219443260488,0.433009049948119,285.570920098317,296.600656442509,66.7151816552561,67.6501343975847,60.2396355096165,112.301699413147
