"size","ModelN","VarGroup","Effects","MixedEffects","Model","NumPredictors","ModelName","(Intercept)","slope.var1","slope.var2","slope.var3","slope.var4","VIF.var1","VIF.var2","VIF.var3","VIF.var4","maxVIF"
"all",12,12,"MixedInt","Species&Site","logDBH.cm, logHeight.m, logCanopyDiameter.m",3,"12.MixedInt_Species&Site",-1.63002,1.17736,0.86778,0.68682,NA,9.29039,5.47292,3.62643,NA,9.29039
"all",16,16,"Fixed",NA,"logDBH.cm, logHeight.m, logCanopyDiameter.m, logWoodDensity.g.cm3",4,"16.Fixed",-0.8991,1.15082,0.83505,0.70763,1.8618,11.55534,5.10315,5.38479,1.08854,11.55534
"all",4,4,"MixedIntSlope","Site","logComp.DBH.H.Den",1,"4.MixedIntSlope_Site",-1.56058,0.80675,NA,NA,NA,NA,NA,NA,NA,-Inf
"all",12,12,"Fixed",NA,"logDBH.cm, logHeight.m, logCanopyDiameter.m",3,"12.Fixed",-1.51771,1.08181,0.85324,0.79656,NA,11.09412,5.09042,4.95239,NA,11.09412
"all",7,7,"MixedInt","Species&Site","logDBH.cm, logCanopyDiameter.m",2,"7.MixedInt_Species&Site",-1.02125,1.75959,0.58165,NA,NA,3.31996,3.31996,NA,NA,3.31996
"all",14,14,"MixedInt","Site","logDBH.cm, logCanopyDiameter.m, logWoodDensity.g.cm3",3,"14.MixedInt_Site",-0.32298,1.76259,0.57601,2.04875,NA,3.32768,3.37549,1.09138,NA,3.37549
"all",14,14,"MixedInt","Species&Site","logDBH.cm, logCanopyDiameter.m, logWoodDensity.g.cm3",3,"14.MixedInt_Species&Site",-0.33098,1.7633,0.57494,2.02536,NA,3.33453,3.35937,1.04595,NA,3.35937
"all",7,7,"MixedInt","Site","logDBH.cm, logCanopyDiameter.m",2,"7.MixedInt_Site",-0.98001,1.6952,0.67596,NA,NA,3.10964,3.10964,NA,NA,3.10964
"all",4,4,"MixedInt","Species&Site","logComp.DBH.H.Den",1,"4.MixedInt_Species&Site",-1.47898,0.79672,NA,NA,NA,NA,NA,NA,NA,-Inf
"all",6,6,"MixedInt","Species&Site","logDBH.cm, logHeight.m",2,"6.MixedInt_Species&Site",-1.61139,1.71859,0.60139,NA,NA,6.03746,6.03746,NA,NA,6.03746
"all",5,5,"MixedIntSlope","Site","logComp.Can.H.Den",1,"5.MixedIntSlope_Site",-0.46009,0.94718,NA,NA,NA,NA,NA,NA,NA,-Inf
"all",9,9,"MixedInt","Species&Site","logHeight.m, logCanopyDiameter.m",2,"9.MixedInt_Species&Site",-1.03646,1.54185,1.1273,NA,NA,3.5983,3.5983,NA,NA,3.5983
"all",13,13,"Fixed",NA,"logDBH.cm, logHeight.m, logWoodDensity.g.cm3",3,"13.Fixed",-0.50769,1.74922,0.55988,3.10809,NA,5.05013,5.04648,1.00207,NA,5.05013
"all",6,6,"MixedInt","Species","logDBH.cm, logHeight.m",2,"6.MixedInt_Species",-1.56354,1.76258,0.54176,NA,NA,5.482,5.482,NA,NA,5.482
"all",14,14,"Fixed",NA,"logDBH.cm, logCanopyDiameter.m, logWoodDensity.g.cm3",3,"14.Fixed",-0.22969,1.7538,0.50247,2.07506,NA,4.85936,4.94725,1.08582,NA,4.94725
"all",1,1,"MixedIntSlope","Species&Site","logDBH.cm",1,"1.MixedIntSlope_Species&Site",-1.09146,2.05378,NA,NA,NA,NA,NA,NA,NA,-Inf
"all",9,9,"MixedInt","Site","logHeight.m, logCanopyDiameter.m",2,"9.MixedInt_Site",-1.03097,1.53023,1.13811,NA,NA,3.50562,3.50562,NA,NA,3.50562
"all",4,4,"Fixed",NA,"logComp.DBH.H.Den",1,"4.Fixed",-1.48191,0.80078,NA,NA,NA,NA,NA,NA,NA,-Inf
"all",4,4,"MixedInt","Site","logComp.DBH.H.Den",1,"4.MixedInt_Site",-1.45985,0.7951,NA,NA,NA,NA,NA,NA,NA,-Inf
"all",7,7,"Fixed",NA,"logDBH.cm, logCanopyDiameter.m",2,"7.Fixed",-0.90458,1.69137,0.59685,NA,NA,4.55624,4.55624,NA,NA,4.55624
"all",8,8,"MixedIntSlope","Site","logDBH.cm, logWoodDensity.g.cm3",2,"8.MixedIntSlope_Site",0.3266,2.04748,4.06283,NA,NA,1.00098,1.00098,NA,NA,1.00098
"all",15,15,"MixedInt","Species&Site","logHeight.m, logCanopyDiameter.m, logWoodDensity.g.cm3",3,"15.MixedInt_Species&Site",-0.90812,1.54599,1.12347,0.39431,NA,3.69657,3.69752,1.03518,NA,3.69752
"all",15,15,"MixedInt","Site","logHeight.m, logCanopyDiameter.m, logWoodDensity.g.cm3",3,"15.MixedInt_Site",-0.89906,1.5439,1.12547,0.42978,NA,3.72773,3.72678,1.06903,NA,3.72773
"all",5,5,"MixedInt","Species&Site","logComp.Can.H.Den",1,"5.MixedInt_Species&Site",-0.0049,0.86345,NA,NA,NA,NA,NA,NA,NA,-Inf
"all",6,6,"Fixed",NA,"logDBH.cm, logHeight.m",2,"6.Fixed",-1.56799,1.73798,0.56602,NA,NA,5.04598,5.04598,NA,NA,5.04598
"all",5,5,"Fixed",NA,"logComp.Can.H.Den",1,"5.Fixed",-0.08245,0.89199,NA,NA,NA,NA,NA,NA,NA,-Inf
"all",2,2,"MixedIntSlope","Species&Site","logHeight.m",1,"2.MixedIntSlope_Species&Site",-2.83366,2.96589,NA,NA,NA,NA,NA,NA,NA,-Inf
"all",15,15,"Fixed",NA,"logHeight.m, logCanopyDiameter.m, logWoodDensity.g.cm3",3,"15.Fixed",-0.8747,1.40968,1.34165,0.3278,NA,5.32366,5.27264,1.0657,NA,5.32366
"all",9,9,"Fixed",NA,"logHeight.m, logCanopyDiameter.m",2,"9.Fixed",-0.97649,1.40076,1.34896,NA,NA,4.99639,4.99639,NA,NA,4.99639
"all",1,1,"MixedIntSlope","Species","logDBH.cm",1,"1.MixedIntSlope_Species",-1.02525,2.03848,NA,NA,NA,NA,NA,NA,NA,-Inf
"all",1,1,"MixedInt","Species&Site","logDBH.cm",1,"1.MixedInt_Species&Site",-0.96022,1.98266,NA,NA,NA,NA,NA,NA,NA,-Inf
"all",2,2,"MixedIntSlope","Site","logHeight.m",1,"2.MixedIntSlope_Site",-2.74473,2.93227,NA,NA,NA,NA,NA,NA,NA,-Inf
"all",1,1,"MixedIntSlope","Site","logDBH.cm",1,"1.MixedIntSlope_Site",-1.0528,2.0227,NA,NA,NA,NA,NA,NA,NA,-Inf
"all",1,1,"MixedInt","Species","logDBH.cm",1,"1.MixedInt_Species",-0.94203,1.98562,NA,NA,NA,NA,NA,NA,NA,-Inf
"all",2,2,"MixedInt","Site","logHeight.m",1,"2.MixedInt_Site",-2.28225,2.59326,NA,NA,NA,NA,NA,NA,NA,-Inf
"all",8,8,"Fixed",NA,"logDBH.cm, logWoodDensity.g.cm3",2,"8.Fixed",0.42106,1.98609,3.98719,NA,NA,1.00035,1.00035,NA,NA,1.00035
"all",3,3,"MixedInt","Species&Site","logCanopyDiameter.m",1,"3.MixedInt_Species&Site",0.68313,2.32901,NA,NA,NA,NA,NA,NA,NA,-Inf
"all",10,10,"MixedInt","Site","logHeight.m, logWoodDensity.g.cm3",2,"10.MixedInt_Site",-1.42824,2.60541,2.60408,NA,NA,1.00473,1.00473,NA,NA,1.00473
"all",10,10,"MixedInt","Species&Site","logHeight.m, logWoodDensity.g.cm3",2,"10.MixedInt_Species&Site",-1.431,2.60561,2.59649,NA,NA,1.00414,1.00414,NA,NA,1.00414
"all",11,11,"MixedInt","Site","logCanopyDiameter.m, logWoodDensity.g.cm3",2,"11.MixedInt_Site",-0.17886,2.32808,-2.5009,NA,NA,1.00503,1.00503,NA,NA,1.00503
"all",1,1,"Fixed",NA,"logDBH.cm",1,"1.Fixed",-0.9557,1.98222,NA,NA,NA,NA,NA,NA,NA,-Inf
"all",2,2,"MixedInt","Species&Site","logHeight.m",1,"2.MixedInt_Species&Site",-2.3177,2.60707,NA,NA,NA,NA,NA,NA,NA,-Inf
"all",3,3,"MixedInt","Site","logCanopyDiameter.m",1,"3.MixedInt_Site",0.67717,2.31581,NA,NA,NA,NA,NA,NA,NA,-Inf
"all",3,3,"MixedIntSlope","Site","logCanopyDiameter.m",1,"3.MixedIntSlope_Site",0.35029,2.49575,NA,NA,NA,NA,NA,NA,NA,-Inf
"all",11,11,"Fixed",NA,"logCanopyDiameter.m, logWoodDensity.g.cm3",2,"11.Fixed",-0.33355,2.46944,-2.85756,NA,NA,1.00018,1.00018,NA,NA,1.00018
"all",3,3,"Fixed",NA,"logCanopyDiameter.m",1,"3.Fixed",0.64369,2.46775,NA,NA,NA,NA,NA,NA,NA,-Inf
"all",10,10,"Fixed",NA,"logHeight.m, logWoodDensity.g.cm3",2,"10.Fixed",-1.58115,2.75831,2.90652,NA,NA,1.00775,1.00775,NA,NA,1.00775
"all",2,2,"Fixed",NA,"logHeight.m",1,"2.Fixed",-2.55667,2.74547,NA,NA,NA,NA,NA,NA,NA,-Inf
"all",1,1,"MixedInt","Site","logDBH.cm",1,"1.MixedInt_Site",-0.941,1.9706,NA,NA,NA,NA,NA,NA,NA,-Inf
"all",2,2,"MixedInt","Species","logHeight.m",1,"2.MixedInt_Species",-2.59707,2.78075,NA,NA,NA,NA,NA,NA,NA,-Inf
"all",2,2,"MixedIntSlope","Species","logHeight.m",1,"2.MixedIntSlope_Species",-2.58842,2.77791,NA,NA,NA,NA,NA,NA,NA,-Inf
"all",3,3,"MixedIntSlope","Species&Site","logCanopyDiameter.m",1,"3.MixedIntSlope_Species&Site",0.34413,2.51145,NA,NA,NA,NA,NA,NA,NA,-Inf
"all",3,3,"MixedInt","Species","logCanopyDiameter.m",1,"3.MixedInt_Species",0.64614,2.46721,NA,NA,NA,NA,NA,NA,NA,-Inf
"all",3,3,"MixedIntSlope","Species","logCanopyDiameter.m",1,"3.MixedIntSlope_Species",0.64605,2.45996,NA,NA,NA,NA,NA,NA,NA,-Inf
"all",4,4,"MixedIntSlope","Species&Site","logComp.DBH.H.Den",1,"4.MixedIntSlope_Species&Site",-1.60467,0.81201,NA,NA,NA,NA,NA,NA,NA,-Inf
"all",4,4,"MixedInt","Species","logComp.DBH.H.Den",1,"4.MixedInt_Species",-1.48084,0.80153,NA,NA,NA,NA,NA,NA,NA,-Inf
"all",4,4,"MixedIntSlope","Species","logComp.DBH.H.Den",1,"4.MixedIntSlope_Species",-1.47379,0.80032,NA,NA,NA,NA,NA,NA,NA,-Inf
"all",5,5,"MixedIntSlope","Species&Site","logComp.Can.H.Den",1,"5.MixedIntSlope_Species&Site",-0.48229,0.95402,NA,NA,NA,NA,NA,NA,NA,-Inf
"all",5,5,"MixedInt","Species","logComp.Can.H.Den",1,"5.MixedInt_Species",-0.08203,0.89166,NA,NA,NA,NA,NA,NA,NA,-Inf
"all",5,5,"MixedIntSlope","Species","logComp.Can.H.Den",1,"5.MixedIntSlope_Species",-0.07968,0.89043,NA,NA,NA,NA,NA,NA,NA,-Inf
"all",5,5,"MixedInt","Site","logComp.Can.H.Den",1,"5.MixedInt_Site",-0.01478,0.86319,NA,NA,NA,NA,NA,NA,NA,-Inf
"all",6,6,"MixedIntSlope","Species&Site","logDBH.cm, logHeight.m",2,"6.MixedIntSlope_Species&Site",-1.57948,1.82701,0.44407,NA,NA,1.29277,1.29277,NA,NA,1.29277
"all",6,6,"MixedIntSlope","Species","logDBH.cm, logHeight.m",2,"6.MixedIntSlope_Species",-1.5212,1.77697,0.5068,NA,NA,1.9426,1.9426,NA,NA,1.9426
"all",6,6,"MixedInt","Site","logDBH.cm, logHeight.m",2,"6.MixedInt_Site",-1.60198,1.68589,0.63427,NA,NA,5.822,5.822,NA,NA,5.822
"all",6,6,"MixedIntSlope","Site","logDBH.cm, logHeight.m",2,"6.MixedIntSlope_Site",-1.45153,1.83627,0.41193,NA,NA,1.08086,1.08086,NA,NA,1.08086
"all",7,7,"MixedIntSlope","Species&Site","logDBH.cm, logCanopyDiameter.m",2,"7.MixedIntSlope_Species&Site",-0.94742,1.79227,0.47854,NA,NA,1.11699,1.11699,NA,NA,1.11699
"all",7,7,"MixedInt","Species","logDBH.cm, logCanopyDiameter.m",2,"7.MixedInt_Species",-0.95544,1.75004,0.52563,NA,NA,4.7005,4.7005,NA,NA,4.7005
"all",7,7,"MixedIntSlope","Species","logDBH.cm, logCanopyDiameter.m",2,"7.MixedIntSlope_Species",-0.94329,1.74145,0.55393,NA,NA,1.32419,1.32419,NA,NA,1.32419
"all",7,7,"MixedIntSlope","Site","logDBH.cm, logCanopyDiameter.m",2,"7.MixedIntSlope_Site",-1.02671,1.76133,0.56419,NA,NA,1.0611,1.0611,NA,NA,1.0611
"all",8,8,"MixedInt","Species&Site","logDBH.cm, logWoodDensity.g.cm3",2,"8.MixedInt_Species&Site",0.42715,1.98285,4.05863,NA,NA,1.00291,1.00291,NA,NA,1.00291
"all",8,8,"MixedIntSlope","Species&Site","logDBH.cm, logWoodDensity.g.cm3",2,"8.MixedIntSlope_Species&Site",0.39738,2.02438,4.08442,NA,NA,1.00003,1.00003,NA,NA,1.00003
"all",8,8,"MixedInt","Species","logDBH.cm, logWoodDensity.g.cm3",2,"8.MixedInt_Species",0.42106,1.98609,3.98719,NA,NA,1.00035,1.00035,NA,NA,1.00035
"all",8,8,"MixedIntSlope","Species","logDBH.cm, logWoodDensity.g.cm3",2,"8.MixedIntSlope_Species",0.30373,2.03912,3.88848,NA,NA,1.00003,1.00003,NA,NA,1.00003
"all",8,8,"MixedInt","Site","logDBH.cm, logWoodDensity.g.cm3",2,"8.MixedInt_Site",0.42715,1.98285,4.05863,NA,NA,1.00291,1.00291,NA,NA,1.00291
"all",9,9,"MixedIntSlope","Species&Site","logHeight.m, logCanopyDiameter.m",2,"9.MixedIntSlope_Species&Site",-1.50689,1.6693,1.30292,NA,NA,1.04234,1.04234,NA,NA,1.04234
"all",9,9,"MixedInt","Species","logHeight.m, logCanopyDiameter.m",2,"9.MixedInt_Species",-0.97649,1.40076,1.34896,NA,NA,4.99639,4.99639,NA,NA,4.99639
"all",9,9,"MixedIntSlope","Species","logHeight.m, logCanopyDiameter.m",2,"9.MixedIntSlope_Species",-1.07134,1.45662,1.28764,NA,NA,1.02035,1.02035,NA,NA,1.02035
"all",9,9,"MixedIntSlope","Site","logHeight.m, logCanopyDiameter.m",2,"9.MixedIntSlope_Site",-1.64582,1.68718,1.30155,NA,NA,1.01832,1.01832,NA,NA,1.01832
"all",10,10,"MixedIntSlope","Species&Site","logHeight.m, logWoodDensity.g.cm3",2,"10.MixedIntSlope_Species&Site",-1.50905,2.63145,2.38091,NA,NA,1.00034,1.00034,NA,NA,1.00034
"all",10,10,"MixedInt","Species","logHeight.m, logWoodDensity.g.cm3",2,"10.MixedInt_Species",-1.57066,2.78047,3.0027,NA,NA,1.00092,1.00092,NA,NA,1.00092
"all",10,10,"MixedIntSlope","Species","logHeight.m, logWoodDensity.g.cm3",2,"10.MixedIntSlope_Species",-0.74771,2.77653,5.3732,NA,NA,1.00217,1.00217,NA,NA,1.00217
"all",10,10,"MixedIntSlope","Site","logHeight.m, logWoodDensity.g.cm3",2,"10.MixedIntSlope_Site",-2.0535,2.96807,2.31662,NA,NA,1.00053,1.00053,NA,NA,1.00053
"all",11,11,"MixedInt","Species&Site","logCanopyDiameter.m, logWoodDensity.g.cm3",2,"11.MixedInt_Species&Site",-0.17887,2.32808,-2.50091,NA,NA,1.00503,1.00503,NA,NA,1.00503
"all",11,11,"MixedIntSlope","Species&Site","logCanopyDiameter.m, logWoodDensity.g.cm3",2,"11.MixedIntSlope_Species&Site",-0.1318,2.32574,-2.38348,NA,NA,1.00197,1.00197,NA,NA,1.00197
"all",11,11,"MixedInt","Species","logCanopyDiameter.m, logWoodDensity.g.cm3",2,"11.MixedInt_Species",-0.32545,2.46783,-2.84034,NA,NA,1.00006,1.00006,NA,NA,1.00006
"all",11,11,"MixedIntSlope","Species","logCanopyDiameter.m, logWoodDensity.g.cm3",2,"11.MixedIntSlope_Species",0.09435,2.45975,-1.61386,NA,NA,1.00001,1.00001,NA,NA,1.00001
"all",11,11,"MixedIntSlope","Site","logCanopyDiameter.m, logWoodDensity.g.cm3",2,"11.MixedIntSlope_Site",-0.28518,2.51464,-1.83216,NA,NA,1.00007,1.00007,NA,NA,1.00007
"all",12,12,"MixedIntSlope","Species&Site","logDBH.cm, logHeight.m, logCanopyDiameter.m",3,"12.MixedIntSlope_Species&Site",-1.49553,1.47123,0.54058,0.54091,NA,1.20591,1.07882,1.1279,NA,1.20591
"all",12,12,"MixedInt","Species","logDBH.cm, logHeight.m, logCanopyDiameter.m",3,"12.MixedInt_Species",-1.53275,1.14523,0.83479,0.71685,NA,11.78256,5.53578,5.08383,NA,11.78256
"all",12,12,"MixedIntSlope","Species","logDBH.cm, logHeight.m, logCanopyDiameter.m",3,"12.MixedIntSlope_Species",-1.48124,1.15627,0.7867,0.73589,NA,2.24959,1.51105,1.62061,NA,2.24959
"all",12,12,"MixedInt","Site","logDBH.cm, logHeight.m, logCanopyDiameter.m",3,"12.MixedInt_Site",-1.60404,1.10131,0.89054,0.7752,NA,8.99462,5.27067,3.5391,NA,8.99462
"all",12,12,"MixedIntSlope","Site","logDBH.cm, logHeight.m, logCanopyDiameter.m",3,"12.MixedIntSlope_Site",-1.44736,1.37343,0.57953,0.63691,NA,1.30532,1.09568,1.20668,NA,1.30532
"all",13,13,"MixedInt","Species&Site","logDBH.cm, logHeight.m, logWoodDensity.g.cm3",3,"13.MixedInt_Species&Site",-0.57014,1.70806,0.61697,3.06351,NA,5.82915,5.82021,1.00401,NA,5.82915
"all",13,13,"MixedIntSlope","Species&Site","logDBH.cm, logHeight.m, logWoodDensity.g.cm3",3,"13.MixedIntSlope_Species&Site",-0.57289,1.83083,0.45588,2.90015,NA,1.1247,1.1243,1.00045,NA,1.1247
"all",13,13,"MixedInt","Species","logDBH.cm, logHeight.m, logWoodDensity.g.cm3",3,"13.MixedInt_Species",-0.50769,1.74922,0.55988,3.10809,NA,5.05013,5.04648,1.00207,NA,5.05013
"all",13,13,"MixedIntSlope","Species","logDBH.cm, logHeight.m, logWoodDensity.g.cm3",3,"13.MixedIntSlope_Species",-0.4025,1.76901,0.51608,3.28791,NA,2.08617,2.08434,1.00134,NA,2.08617
"all",13,13,"MixedInt","Site","logDBH.cm, logHeight.m, logWoodDensity.g.cm3",3,"13.MixedInt_Site",-0.57014,1.70806,0.61697,3.06351,NA,5.82915,5.82021,1.00401,NA,5.82915
"all",13,13,"MixedIntSlope","Site","logDBH.cm, logHeight.m, logWoodDensity.g.cm3",3,"13.MixedIntSlope_Site",-0.56112,1.82255,0.46167,2.90987,NA,1.14747,1.14694,1.00065,NA,1.14747
"all",14,14,"MixedIntSlope","Species&Site","logDBH.cm, logCanopyDiameter.m, logWoodDensity.g.cm3",3,"14.MixedIntSlope_Species&Site",-0.53751,1.83925,0.46091,1.63592,NA,1.0403,1.06078,1.02138,NA,1.06078
"all",14,14,"MixedInt","Species","logDBH.cm, logCanopyDiameter.m, logWoodDensity.g.cm3",3,"14.MixedInt_Species",-0.24737,1.75485,0.51423,2.06626,NA,4.75572,4.77859,1.02282,NA,4.77859
"all",14,14,"MixedIntSlope","Species","logDBH.cm, logCanopyDiameter.m, logWoodDensity.g.cm3",3,"14.MixedIntSlope_Species",-0.15035,1.75215,0.53677,2.32915,NA,1.33811,1.4125,1.07252,NA,1.4125
"all",14,14,"MixedIntSlope","Site","logDBH.cm, logCanopyDiameter.m, logWoodDensity.g.cm3",3,"14.MixedIntSlope_Site",-0.39306,1.8351,0.45907,2.01903,NA,1.0397,1.08294,1.04731,NA,1.08294
"all",15,15,"MixedIntSlope","Species&Site","logHeight.m, logCanopyDiameter.m, logWoodDensity.g.cm3",3,"15.MixedIntSlope_Species&Site",-1.53944,1.71596,1.26767,0.4684,NA,1.01879,1.01935,1.01496,NA,1.01935
"all",15,15,"MixedInt","Species","logHeight.m, logCanopyDiameter.m, logWoodDensity.g.cm3",3,"15.MixedInt_Species",-0.8747,1.40968,1.34165,0.3278,NA,5.32366,5.27264,1.0657,NA,5.32366
"all",15,15,"MixedIntSlope","Species","logHeight.m, logCanopyDiameter.m, logWoodDensity.g.cm3",3,"15.MixedIntSlope_Species",-0.86662,1.4773,1.26858,0.68512,NA,1.02423,1.02005,1.01785,NA,1.02423
"all",15,15,"MixedIntSlope","Site","logHeight.m, logCanopyDiameter.m, logWoodDensity.g.cm3",3,"15.MixedIntSlope_Site",-1.47846,1.71238,1.28211,0.58518,NA,1.02771,1.0336,1.02376,NA,1.0336
"all",16,16,"MixedInt","Species&Site","logDBH.cm, logHeight.m, logCanopyDiameter.m, logWoodDensity.g.cm3",4,"16.MixedInt_Species&Site",-0.98613,1.17539,0.87398,0.68041,1.89162,9.27681,5.30645,3.7976,1.09251,9.27681
"all",16,16,"MixedIntSlope","Species&Site","logDBH.cm, logHeight.m, logCanopyDiameter.m, logWoodDensity.g.cm3",4,"16.MixedIntSlope_Species&Site",-0.91587,1.39678,0.58734,0.59641,1.7997,1.85372,1.18341,1.65161,1.01414,1.85372
"all",16,16,"MixedInt","Species","logDBH.cm, logHeight.m, logCanopyDiameter.m, logWoodDensity.g.cm3",4,"16.MixedInt_Species",-0.8991,1.15082,0.83505,0.70763,1.8618,11.55534,5.10315,5.38479,1.08854,11.55534
"all",16,16,"MixedIntSlope","Species","logDBH.cm, logHeight.m, logCanopyDiameter.m, logWoodDensity.g.cm3",4,"16.MixedIntSlope_Species",-0.83634,1.17242,0.78828,0.70678,1.90708,3.98753,1.74401,2.96776,1.08629,3.98753
"all",16,16,"MixedInt","Site","logDBH.cm, logHeight.m, logCanopyDiameter.m, logWoodDensity.g.cm3",4,"16.MixedInt_Site",-0.98613,1.17539,0.87398,0.68041,1.89162,9.27681,5.30645,3.7976,1.09251,9.27681
"all",16,16,"MixedIntSlope","Site","logDBH.cm, logHeight.m, logCanopyDiameter.m, logWoodDensity.g.cm3",4,"16.MixedIntSlope_Site",-0.86619,1.46722,0.54627,0.53223,1.8326,1.23784,1.09341,1.19484,1.06078,1.23784
"5cm",12,12,"MixedInt","Species&Site","logDBH.cm, logHeight.m, logCanopyDiameter.m",3,"12.MixedInt_Species&Site",-1.61483,1.58825,0.49111,0.49523,NA,4.22674,2.24153,2.77134,NA,4.22674
"5cm",16,16,"MixedInt","Site","logDBH.cm, logHeight.m, logCanopyDiameter.m, logWoodDensity.g.cm3",4,"16.MixedInt_Site",-0.96456,1.59213,0.49652,0.48683,1.93119,4.2076,2.18009,2.90005,1.10914,4.2076
"5cm",12,12,"MixedInt","Site","logDBH.cm, logHeight.m, logCanopyDiameter.m",3,"12.MixedInt_Site",-1.57088,1.49516,0.515,0.59873,NA,4.0083,2.14649,2.62591,NA,4.0083
"5cm",7,7,"MixedInt","Species&Site","logDBH.cm, logCanopyDiameter.m",2,"7.MixedInt_Species&Site",-1.06138,1.80439,0.47542,NA,NA,2.74967,2.74967,NA,NA,2.74967
"5cm",14,14,"MixedInt","Site","logDBH.cm, logCanopyDiameter.m, logWoodDensity.g.cm3",3,"14.MixedInt_Site",-0.40233,1.81168,0.4651,1.94905,NA,2.76246,2.86642,1.10933,NA,2.86642
"5cm",12,12,"MixedInt","Species","logDBH.cm, logHeight.m, logCanopyDiameter.m",3,"12.MixedInt_Species",-1.48027,1.48581,0.54903,0.51243,NA,4.17384,1.83282,2.93106,NA,4.17384
"5cm",4,4,"MixedIntSlope","Site","logComp.DBH.H.Den",1,"4.MixedIntSlope_Site",-2.21609,0.91057,NA,NA,NA,NA,NA,NA,NA,-Inf
"5cm",7,7,"MixedInt","Site","logDBH.cm, logCanopyDiameter.m",2,"7.MixedInt_Site",-0.99774,1.72174,0.57798,NA,NA,2.58585,2.58585,NA,NA,2.58585
"5cm",6,6,"MixedInt","Species&Site","logDBH.cm, logHeight.m",2,"6.MixedInt_Species&Site",-1.94125,1.98796,0.46433,NA,NA,2.0313,2.0313,NA,NA,2.0313
"5cm",13,13,"MixedInt","Site","logDBH.cm, logHeight.m, logWoodDensity.g.cm3",3,"13.MixedInt_Site",-0.91882,1.97755,0.48699,3.06559,NA,1.96414,1.95967,1.00403,NA,1.96414
"5cm",16,16,"Fixed",NA,"logDBH.cm, logHeight.m, logCanopyDiameter.m, logWoodDensity.g.cm3",4,"16.Fixed",-0.99366,1.40106,0.67557,0.50193,1.60498,4.15314,1.55718,3.41904,1.12073,4.15314
"5cm",12,12,"Fixed",NA,"logDBH.cm, logHeight.m, logCanopyDiameter.m",3,"12.Fixed",-1.52055,1.33717,0.68197,0.59758,NA,3.99321,1.55649,3.08071,NA,3.99321
"5cm",4,4,"MixedInt","Species&Site","logComp.DBH.H.Den",1,"4.MixedInt_Species&Site",-2.12165,0.8953,NA,NA,NA,NA,NA,NA,NA,-Inf
"5cm",7,7,"MixedInt","Species","logDBH.cm, logCanopyDiameter.m",2,"7.MixedInt_Species",-0.92514,1.80645,0.41094,NA,NA,2.80758,2.80758,NA,NA,2.80758
"5cm",14,14,"MixedInt","Species","logDBH.cm, logCanopyDiameter.m, logWoodDensity.g.cm3",3,"14.MixedInt_Species",-0.33655,1.80849,0.40615,1.71897,NA,2.81571,2.82339,1.00538,NA,2.82339
"5cm",1,1,"MixedInt","Species&Site","logDBH.cm",1,"1.MixedInt_Species&Site",-1.43268,2.21636,NA,NA,NA,NA,NA,NA,NA,-Inf
"5cm",8,8,"MixedInt","Site","logDBH.cm, logWoodDensity.g.cm3",2,"8.MixedInt_Site",-0.26516,2.2101,3.37927,NA,NA,1.00054,1.00054,NA,NA,1.00054
"5cm",1,1,"MixedIntSlope","Site","logDBH.cm",1,"1.MixedIntSlope_Site",-1.46413,2.23852,NA,NA,NA,NA,NA,NA,NA,-Inf
"5cm",4,4,"MixedInt","Site","logComp.DBH.H.Den",1,"4.MixedInt_Site",-2.12382,0.8949,NA,NA,NA,NA,NA,NA,NA,-Inf
"5cm",8,8,"MixedInt","Species&Site","logDBH.cm, logWoodDensity.g.cm3",2,"8.MixedInt_Species&Site",-0.27168,2.21223,3.3718,NA,NA,1.00029,1.00029,NA,NA,1.00029
"5cm",6,6,"MixedInt","Species","logDBH.cm, logHeight.m",2,"6.MixedInt_Species",-1.66509,1.96153,0.37919,NA,NA,1.64384,1.64384,NA,NA,1.64384
"5cm",13,13,"MixedInt","Species","logDBH.cm, logHeight.m, logWoodDensity.g.cm3",3,"13.MixedInt_Species",-0.75036,1.95262,0.39094,2.68701,NA,1.62518,1.62518,1.00001,NA,1.62518
"5cm",4,4,"MixedIntSlope","Species","logComp.DBH.H.Den",1,"4.MixedIntSlope_Species",-1.84189,0.85813,NA,NA,NA,NA,NA,NA,NA,-Inf
"5cm",13,13,"Fixed",NA,"logDBH.cm, logHeight.m, logWoodDensity.g.cm3",3,"13.Fixed",-0.82096,1.85522,0.52097,2.62796,NA,1.42423,1.42369,1.00047,NA,1.42423
"5cm",6,6,"MixedInt","Site","logDBH.cm, logHeight.m",2,"6.MixedInt_Site",-1.96787,1.93797,0.52695,NA,NA,1.85464,1.85464,NA,NA,1.85464
"5cm",4,4,"Fixed",NA,"logComp.DBH.H.Den",1,"4.Fixed",-1.81522,0.85232,NA,NA,NA,NA,NA,NA,NA,-Inf
"5cm",7,7,"Fixed",NA,"logDBH.cm, logCanopyDiameter.m",2,"7.Fixed",-0.74019,1.71068,0.4441,NA,NA,2.90776,2.90776,NA,NA,2.90776
"5cm",6,6,"Fixed",NA,"logDBH.cm, logHeight.m",2,"6.Fixed",-1.74097,1.86257,0.51615,NA,NA,1.42357,1.42357,NA,NA,1.42357
"5cm",14,14,"Fixed",NA,"logDBH.cm, logCanopyDiameter.m, logWoodDensity.g.cm3",3,"14.Fixed",-0.19631,1.77388,0.34549,1.68003,NA,3.05058,3.23583,1.12023,NA,3.23583
"5cm",1,1,"MixedInt","Species","logDBH.cm",1,"1.MixedInt_Species",-1.28059,2.16089,NA,NA,NA,NA,NA,NA,NA,-Inf
"5cm",1,1,"MixedInt","Site","logDBH.cm",1,"1.MixedInt_Site",-1.44479,2.21471,NA,NA,NA,NA,NA,NA,NA,-Inf
"5cm",8,8,"MixedInt","Species","logDBH.cm, logWoodDensity.g.cm3",2,"8.MixedInt_Species",-0.24394,2.15775,3.00885,NA,NA,1.00023,1.00023,NA,NA,1.00023
"5cm",1,1,"MixedIntSlope","Species","logDBH.cm",1,"1.MixedIntSlope_Species",-1.33014,2.18705,NA,NA,NA,NA,NA,NA,NA,-Inf
"5cm",8,8,"Fixed",NA,"logDBH.cm, logWoodDensity.g.cm3",2,"8.Fixed",-0.12722,2.09311,2.89104,NA,NA,1.00626,1.00626,NA,NA,1.00626
"5cm",1,1,"Fixed",NA,"logDBH.cm",1,"1.Fixed",-1.19187,2.11707,NA,NA,NA,NA,NA,NA,NA,-Inf
"5cm",15,15,"Fixed",NA,"logHeight.m, logCanopyDiameter.m, logWoodDensity.g.cm3",3,"15.Fixed",-0.74369,1.34956,1.55106,0.24948,NA,1.14378,1.22131,1.07757,NA,1.22131
"5cm",9,9,"Fixed",NA,"logHeight.m, logCanopyDiameter.m",2,"9.Fixed",-0.83071,1.34563,1.55879,NA,NA,1.1334,1.1334,NA,NA,1.1334
"5cm",5,5,"Fixed",NA,"logComp.Can.H.Den",1,"5.Fixed",0.34268,0.86504,NA,NA,NA,NA,NA,NA,NA,-Inf
"5cm",3,3,"MixedIntSlope","Site","logCanopyDiameter.m",1,"3.MixedIntSlope_Site",1.43646,2.0455,NA,NA,NA,NA,NA,NA,NA,-Inf
"5cm",11,11,"MixedInt","Site","logCanopyDiameter.m, logWoodDensity.g.cm3",2,"11.MixedInt_Site",1.40742,1.93924,-0.55546,NA,NA,1.03954,1.03954,NA,NA,1.03954
"5cm",3,3,"MixedInt","Site","logCanopyDiameter.m",1,"3.MixedInt_Site",1.61675,1.92673,NA,NA,NA,NA,NA,NA,NA,-Inf
"5cm",11,11,"Fixed",NA,"logCanopyDiameter.m, logWoodDensity.g.cm3",2,"11.Fixed",1.60573,1.88486,-0.52738,NA,NA,1.06778,1.06778,NA,NA,1.06778
"5cm",3,3,"Fixed",NA,"logCanopyDiameter.m",1,"3.Fixed",1.80599,1.87045,NA,NA,NA,NA,NA,NA,NA,-Inf
"5cm",2,2,"MixedIntSlope","Site","logHeight.m",1,"2.MixedIntSlope_Site",-3.42479,3.21897,NA,NA,NA,NA,NA,NA,NA,-Inf
"5cm",10,10,"MixedInt","Site","logHeight.m, logWoodDensity.g.cm3",2,"10.MixedInt_Site",-2.12203,3.0154,2.29912,NA,NA,1.00003,1.00003,NA,NA,1.00003
"5cm",2,2,"MixedInt","Species&Site","logHeight.m",1,"2.MixedInt_Species&Site",-2.98099,3.0502,NA,NA,NA,NA,NA,NA,NA,-Inf
"5cm",10,10,"MixedInt","Species&Site","logHeight.m, logWoodDensity.g.cm3",2,"10.MixedInt_Species&Site",-2.14181,3.04173,2.40038,NA,NA,1.00003,1.00003,NA,NA,1.00003
"5cm",10,10,"MixedIntSlope","Site","logHeight.m, logWoodDensity.g.cm3",2,"10.MixedIntSlope_Site",-2.70951,3.28666,2.56345,NA,NA,1.00105,1.00105,NA,NA,1.00105
"5cm",10,10,"MixedInt","Species","logHeight.m, logWoodDensity.g.cm3",2,"10.MixedInt_Species",0.0351,2.18016,2.73474,NA,NA,1.00001,1.00001,NA,NA,1.00001
"5cm",2,2,"MixedInt","Site","logHeight.m",1,"2.MixedInt_Site",-2.90206,3.01115,NA,NA,NA,NA,NA,NA,NA,-Inf
"5cm",2,2,"Fixed",NA,"logHeight.m",1,"2.Fixed",-0.63156,2.04946,NA,NA,NA,NA,NA,NA,NA,-Inf
"5cm",2,2,"MixedInt","Species","logHeight.m",1,"2.MixedInt_Species",-0.9094,2.18405,NA,NA,NA,NA,NA,NA,NA,-Inf
"5cm",10,10,"Fixed",NA,"logHeight.m, logWoodDensity.g.cm3",2,"10.Fixed",0.39058,2.04808,2.93366,NA,NA,1.00001,1.00001,NA,NA,1.00001
"5cm",1,1,"MixedIntSlope","Species&Site","logDBH.cm",1,"1.MixedIntSlope_Species&Site",-1.48399,2.25182,NA,NA,NA,NA,NA,NA,NA,-Inf
"5cm",2,2,"MixedIntSlope","Species&Site","logHeight.m",1,"2.MixedIntSlope_Species&Site",-3.53204,3.26613,NA,NA,NA,NA,NA,NA,NA,-Inf
"5cm",2,2,"MixedIntSlope","Species","logHeight.m",1,"2.MixedIntSlope_Species",-1.18648,2.29745,NA,NA,NA,NA,NA,NA,NA,-Inf
"5cm",3,3,"MixedInt","Species&Site","logCanopyDiameter.m",1,"3.MixedInt_Species&Site",1.61675,1.92673,NA,NA,NA,NA,NA,NA,NA,-Inf
"5cm",3,3,"MixedIntSlope","Species&Site","logCanopyDiameter.m",1,"3.MixedIntSlope_Species&Site",1.36527,2.083,NA,NA,NA,NA,NA,NA,NA,-Inf
"5cm",3,3,"MixedInt","Species","logCanopyDiameter.m",1,"3.MixedInt_Species",1.74844,1.91901,NA,NA,NA,NA,NA,NA,NA,-Inf
"5cm",3,3,"MixedIntSlope","Species","logCanopyDiameter.m",1,"3.MixedIntSlope_Species",1.67407,1.96581,NA,NA,NA,NA,NA,NA,NA,-Inf
"5cm",4,4,"MixedIntSlope","Species&Site","logComp.DBH.H.Den",1,"4.MixedIntSlope_Species&Site",-2.2243,0.9121,NA,NA,NA,NA,NA,NA,NA,-Inf
"5cm",4,4,"MixedInt","Species","logComp.DBH.H.Den",1,"4.MixedInt_Species",-1.81248,0.853,NA,NA,NA,NA,NA,NA,NA,-Inf
"5cm",5,5,"MixedInt","Species&Site","logComp.Can.H.Den",1,"5.MixedInt_Species&Site",0.32531,0.86886,NA,NA,NA,NA,NA,NA,NA,-Inf
"5cm",5,5,"MixedIntSlope","Species&Site","logComp.Can.H.Den",1,"5.MixedIntSlope_Species&Site",0.08433,0.91391,NA,NA,NA,NA,NA,NA,NA,-Inf
"5cm",5,5,"MixedInt","Species","logComp.Can.H.Den",1,"5.MixedInt_Species",0.32531,0.86886,NA,NA,NA,NA,NA,NA,NA,-Inf
"5cm",5,5,"MixedIntSlope","Species","logComp.Can.H.Den",1,"5.MixedIntSlope_Species",0.17735,0.89685,NA,NA,NA,NA,NA,NA,NA,-Inf
"5cm",5,5,"MixedInt","Site","logComp.Can.H.Den",1,"5.MixedInt_Site",0.34268,0.86504,NA,NA,NA,NA,NA,NA,NA,-Inf
"5cm",5,5,"MixedIntSlope","Site","logComp.Can.H.Den",1,"5.MixedIntSlope_Site",0.19006,0.89245,NA,NA,NA,NA,NA,NA,NA,-Inf
"5cm",6,6,"MixedIntSlope","Species&Site","logDBH.cm, logHeight.m",2,"6.MixedIntSlope_Species&Site",-2.1508,1.97662,0.56539,NA,NA,1.10121,1.10121,NA,NA,1.10121
"5cm",6,6,"MixedIntSlope","Species","logDBH.cm, logHeight.m",2,"6.MixedIntSlope_Species",-1.56832,2.05021,0.25674,NA,NA,1.01888,1.01888,NA,NA,1.01888
"5cm",6,6,"MixedIntSlope","Site","logDBH.cm, logHeight.m",2,"6.MixedIntSlope_Site",-2.04925,1.97724,0.53736,NA,NA,1.08364,1.08364,NA,NA,1.08364
"5cm",7,7,"MixedIntSlope","Species&Site","logDBH.cm, logCanopyDiameter.m",2,"7.MixedIntSlope_Species&Site",-1.00605,1.84153,0.37501,NA,NA,1.22593,1.22593,NA,NA,1.22593
"5cm",7,7,"MixedIntSlope","Species","logDBH.cm, logCanopyDiameter.m",2,"7.MixedIntSlope_Species",-0.94414,1.80777,0.43155,NA,NA,1.38885,1.38885,NA,NA,1.38885
"5cm",7,7,"MixedIntSlope","Site","logDBH.cm, logCanopyDiameter.m",2,"7.MixedIntSlope_Site",-1.02523,1.79208,0.4827,NA,NA,1.27237,1.27237,NA,NA,1.27237
"5cm",8,8,"MixedIntSlope","Species&Site","logDBH.cm, logWoodDensity.g.cm3",2,"8.MixedIntSlope_Species&Site",-0.51463,2.22779,2.63548,NA,NA,1.00024,1.00024,NA,NA,1.00024
"5cm",8,8,"MixedIntSlope","Species","logDBH.cm, logWoodDensity.g.cm3",2,"8.MixedIntSlope_Species",-0.22538,2.18687,3.2181,NA,NA,1.00131,1.00131,NA,NA,1.00131
"5cm",8,8,"MixedIntSlope","Site","logDBH.cm, logWoodDensity.g.cm3",2,"8.MixedIntSlope_Site",-0.31802,2.23915,3.28878,NA,NA,1,1,NA,NA,1
"5cm",9,9,"MixedInt","Species&Site","logHeight.m, logCanopyDiameter.m",2,"9.MixedInt_Species&Site",-1.30412,1.60492,1.46689,NA,NA,1.31573,1.31573,NA,NA,1.31573
"5cm",9,9,"MixedIntSlope","Species&Site","logHeight.m, logCanopyDiameter.m",2,"9.MixedIntSlope_Species&Site",-1.56405,1.74399,1.43551,NA,NA,1.19692,1.19692,NA,NA,1.19692
"5cm",9,9,"MixedInt","Species","logHeight.m, logCanopyDiameter.m",2,"9.MixedInt_Species",-0.83071,1.34563,1.55879,NA,NA,1.1334,1.1334,NA,NA,1.1334
"5cm",9,9,"MixedIntSlope","Species","logHeight.m, logCanopyDiameter.m",2,"9.MixedIntSlope_Species",-0.9176,1.36079,1.58438,NA,NA,1.03999,1.03999,NA,NA,1.03999
"5cm",9,9,"MixedInt","Site","logHeight.m, logCanopyDiameter.m",2,"9.MixedInt_Site",-1.30412,1.60492,1.46689,NA,NA,1.31573,1.31573,NA,NA,1.31573
"5cm",9,9,"MixedIntSlope","Site","logHeight.m, logCanopyDiameter.m",2,"9.MixedIntSlope_Site",-1.85215,1.85246,1.39483,NA,NA,1.08494,1.08494,NA,NA,1.08494
"5cm",10,10,"MixedIntSlope","Species&Site","logHeight.m, logWoodDensity.g.cm3",2,"10.MixedIntSlope_Species&Site",-2.49461,3.12715,1.92804,NA,NA,1.00095,1.00095,NA,NA,1.00095
"5cm",10,10,"MixedIntSlope","Species","logHeight.m, logWoodDensity.g.cm3",2,"10.MixedIntSlope_Species",-0.24619,2.33384,3.00089,NA,NA,1.00136,1.00136,NA,NA,1.00136
"5cm",11,11,"MixedInt","Species&Site","logCanopyDiameter.m, logWoodDensity.g.cm3",2,"11.MixedInt_Species&Site",1.40742,1.93924,-0.55546,NA,NA,1.03954,1.03954,NA,NA,1.03954
"5cm",11,11,"MixedIntSlope","Species&Site","logCanopyDiameter.m, logWoodDensity.g.cm3",2,"11.MixedIntSlope_Species&Site",2.29131,2.01857,2.4351,NA,NA,1.00008,1.00008,NA,NA,1.00008
"5cm",11,11,"MixedInt","Species","logCanopyDiameter.m, logWoodDensity.g.cm3",2,"11.MixedInt_Species",1.56155,1.92299,-0.52911,NA,NA,1.02758,1.02758,NA,NA,1.02758
"5cm",11,11,"MixedIntSlope","Species","logCanopyDiameter.m, logWoodDensity.g.cm3",2,"11.MixedIntSlope_Species",1.17372,1.976,-1.38732,NA,NA,1.02222,1.02222,NA,NA,1.02222
"5cm",11,11,"MixedIntSlope","Site","logCanopyDiameter.m, logWoodDensity.g.cm3",2,"11.MixedIntSlope_Site",1.9191,1.97665,1.14699,NA,NA,1.00077,1.00077,NA,NA,1.00077
"5cm",12,12,"MixedIntSlope","Species&Site","logDBH.cm, logHeight.m, logCanopyDiameter.m",3,"12.MixedIntSlope_Species&Site",-1.79735,1.75285,0.47476,0.37026,NA,1.18927,1.05545,1.13084,NA,1.18927
"5cm",12,12,"MixedIntSlope","Species","logDBH.cm, logHeight.m, logCanopyDiameter.m",3,"12.MixedIntSlope_Species",-1.34282,1.6365,0.36285,0.46399,NA,1.30811,1.05209,1.2724,NA,1.30811
"5cm",12,12,"MixedIntSlope","Site","logDBH.cm, logHeight.m, logCanopyDiameter.m",3,"12.MixedIntSlope_Site",-1.77958,1.63565,0.5451,0.47428,NA,1.26743,1.06294,1.20346,NA,1.26743
"5cm",13,13,"MixedInt","Species&Site","logDBH.cm, logHeight.m, logWoodDensity.g.cm3",3,"13.MixedInt_Species&Site",-0.91882,1.97755,0.48699,3.06559,NA,1.96414,1.95967,1.00403,NA,1.96414
"5cm",13,13,"MixedIntSlope","Species&Site","logDBH.cm, logHeight.m, logWoodDensity.g.cm3",3,"13.MixedIntSlope_Species&Site",-0.82398,2.08217,0.39162,3.23473,NA,1.03785,1.03656,1.00385,NA,1.03785
"5cm",13,13,"MixedIntSlope","Species","logDBH.cm, logHeight.m, logWoodDensity.g.cm3",3,"13.MixedIntSlope_Species",-0.39623,2.05272,0.24443,3.35946,NA,1.01889,1.02037,1.00147,NA,1.02037
"5cm",13,13,"MixedIntSlope","Site","logDBH.cm, logHeight.m, logWoodDensity.g.cm3",3,"13.MixedIntSlope_Site",-0.95309,2.0557,0.43571,2.98753,NA,1.03989,1.03724,1.00359,NA,1.03989
"5cm",14,14,"MixedInt","Species&Site","logDBH.cm, logCanopyDiameter.m, logWoodDensity.g.cm3",3,"14.MixedInt_Species&Site",-0.40233,1.81168,0.4651,1.94905,NA,2.76246,2.86642,1.10933,NA,2.86642
"5cm",14,14,"MixedIntSlope","Species&Site","logDBH.cm, logCanopyDiameter.m, logWoodDensity.g.cm3",3,"14.MixedIntSlope_Species&Site",-0.40009,1.9032,0.35741,2.15395,NA,1.16311,1.20546,1.04667,NA,1.20546
"5cm",14,14,"MixedIntSlope","Species","logDBH.cm, logCanopyDiameter.m, logWoodDensity.g.cm3",3,"14.MixedIntSlope_Species",-0.45996,1.8538,0.37285,1.52002,NA,1.44244,1.51198,1.09137,NA,1.51198
"5cm",14,14,"MixedIntSlope","Site","logDBH.cm, logCanopyDiameter.m, logWoodDensity.g.cm3",3,"14.MixedIntSlope_Site",-0.44948,1.9142,0.34032,2.01682,NA,1.21352,1.3024,1.08729,NA,1.3024
"5cm",15,15,"MixedInt","Species&Site","logHeight.m, logCanopyDiameter.m, logWoodDensity.g.cm3",3,"15.MixedInt_Species&Site",-1.18384,1.62356,1.45123,0.41189,NA,1.34492,1.40322,1.0623,NA,1.40322
"5cm",15,15,"MixedIntSlope","Species&Site","logHeight.m, logCanopyDiameter.m, logWoodDensity.g.cm3",3,"15.MixedIntSlope_Species&Site",-1.49416,1.85099,1.41007,1.12446,NA,1.05059,1.0542,1.00649,NA,1.0542
"5cm",15,15,"MixedInt","Species","logHeight.m, logCanopyDiameter.m, logWoodDensity.g.cm3",3,"15.MixedInt_Species",-0.74369,1.34956,1.55106,0.24948,NA,1.14378,1.22131,1.07757,NA,1.22131
"5cm",15,15,"MixedIntSlope","Species","logHeight.m, logCanopyDiameter.m, logWoodDensity.g.cm3",3,"15.MixedIntSlope_Species",-0.84796,1.35886,1.58496,0.19166,NA,1.04974,1.06469,1.03042,NA,1.06469
"5cm",15,15,"MixedInt","Site","logHeight.m, logCanopyDiameter.m, logWoodDensity.g.cm3",3,"15.MixedInt_Site",-1.18384,1.62356,1.45123,0.41189,NA,1.34492,1.40322,1.0623,NA,1.40322
"5cm",15,15,"MixedIntSlope","Site","logHeight.m, logCanopyDiameter.m, logWoodDensity.g.cm3",3,"15.MixedIntSlope_Site",-1.65258,1.8771,1.37157,0.66432,NA,1.08848,1.11586,1.02977,NA,1.11586
"5cm",16,16,"MixedInt","Species&Site","logDBH.cm, logHeight.m, logCanopyDiameter.m, logWoodDensity.g.cm3",4,"16.MixedInt_Species&Site",-0.96456,1.59213,0.49652,0.48683,1.93119,4.2076,2.18009,2.90005,1.10914,4.2076
"5cm",16,16,"MixedIntSlope","Species&Site","logDBH.cm, logHeight.m, logCanopyDiameter.m, logWoodDensity.g.cm3",4,"16.MixedIntSlope_Species&Site",-1.23367,1.59387,0.58584,0.47403,1.7922,1.81462,1.14518,1.71511,1.06388,1.81462
"5cm",16,16,"MixedInt","Species","logDBH.cm, logHeight.m, logCanopyDiameter.m, logWoodDensity.g.cm3",4,"16.MixedInt_Species",-0.92773,1.48186,0.56044,0.50553,1.63719,4.17524,1.8063,2.9818,1.01454,4.17524
"5cm",16,16,"MixedIntSlope","Species","logDBH.cm, logHeight.m, logCanopyDiameter.m, logWoodDensity.g.cm3",4,"16.MixedIntSlope_Species",-0.73645,1.6565,0.34565,0.44643,1.73336,1.30673,1.0498,1.32788,1.05168,1.32788
"5cm",16,16,"MixedIntSlope","Site","logDBH.cm, logHeight.m, logCanopyDiameter.m, logWoodDensity.g.cm3",4,"16.MixedIntSlope_Site",-1.07962,1.78979,0.45378,0.3388,2.0669,1.23057,1.06542,1.24726,1.08728,1.24726
