"size","VarGroup","MixedEffects","Model","ModelN","NumPredictors","NumObservations","(Intercept)_Fixed","(Intercept)_MixedInt","(Intercept)_MixedIntSlope","slope.var1_Fixed","slope.var1_MixedInt","slope.var1_MixedIntSlope","slope.var2_Fixed","slope.var2_MixedInt","slope.var2_MixedIntSlope","slope.var3_Fixed","slope.var3_MixedInt","slope.var3_MixedIntSlope","slope.var4_Fixed","slope.var4_MixedInt","slope.var4_MixedIntSlope","VIF.var1_Fixed","VIF.var1_MixedInt","VIF.var1_MixedIntSlope","VIF.var2_Fixed","VIF.var2_MixedInt","VIF.var2_MixedIntSlope","VIF.var3_Fixed","VIF.var3_MixedInt","VIF.var3_MixedIntSlope","VIF.var4_Fixed","VIF.var4_MixedInt","VIF.var4_MixedIntSlope","maxVIF_Fixed","maxVIF_MixedInt","maxVIF_MixedIntSlope"
"all",1,"Species&Site","logDBH.cm",1,1,503,-0.9557,-0.96022,-1.09146,1.98222,1.98266,2.05378,NA,NA,NA,NA,NA,NA,NA,NA,NA,NA,NA,NA,NA,NA,NA,NA,NA,NA,NA,NA,NA,-Inf,-Inf,-Inf
"all",1,"Species","logDBH.cm",1,1,503,-0.9557,-0.94203,-1.02525,1.98222,1.98562,2.03848,NA,NA,NA,NA,NA,NA,NA,NA,NA,NA,NA,NA,NA,NA,NA,NA,NA,NA,NA,NA,NA,-Inf,-Inf,-Inf
"all",1,"Site","logDBH.cm",1,1,503,-0.9557,-0.941,-1.0528,1.98222,1.9706,2.0227,NA,NA,NA,NA,NA,NA,NA,NA,NA,NA,NA,NA,NA,NA,NA,NA,NA,NA,NA,NA,NA,-Inf,-Inf,-Inf
"all",2,"Species&Site","logHeight.m",2,1,611,-2.55667,-2.3177,-2.83366,2.74547,2.60707,2.96589,NA,NA,NA,NA,NA,NA,NA,NA,NA,NA,NA,NA,NA,NA,NA,NA,NA,NA,NA,NA,NA,-Inf,-Inf,-Inf
"all",2,"Species","logHeight.m",2,1,611,-2.55667,-2.59707,-2.58842,2.74547,2.78075,2.77791,NA,NA,NA,NA,NA,NA,NA,NA,NA,NA,NA,NA,NA,NA,NA,NA,NA,NA,NA,NA,NA,-Inf,-Inf,-Inf
"all",2,"Site","logHeight.m",2,1,611,-2.55667,-2.28225,-2.74473,2.74547,2.59326,2.93227,NA,NA,NA,NA,NA,NA,NA,NA,NA,NA,NA,NA,NA,NA,NA,NA,NA,NA,NA,NA,NA,-Inf,-Inf,-Inf
"all",3,"Species&Site","logCanopyDiameter.m",3,1,545,0.64369,0.68313,0.34413,2.46775,2.32901,2.51145,NA,NA,NA,NA,NA,NA,NA,NA,NA,NA,NA,NA,NA,NA,NA,NA,NA,NA,NA,NA,NA,-Inf,-Inf,-Inf
"all",3,"Species","logCanopyDiameter.m",3,1,545,0.64369,0.64614,0.64605,2.46775,2.46721,2.45996,NA,NA,NA,NA,NA,NA,NA,NA,NA,NA,NA,NA,NA,NA,NA,NA,NA,NA,NA,NA,NA,-Inf,-Inf,-Inf
"all",3,"Site","logCanopyDiameter.m",3,1,545,0.64369,0.67717,0.35029,2.46775,2.31581,2.49575,NA,NA,NA,NA,NA,NA,NA,NA,NA,NA,NA,NA,NA,NA,NA,NA,NA,NA,NA,NA,NA,-Inf,-Inf,-Inf
"all",4,"Species&Site","logComp.DBH.H.Den",4,1,405,-1.48191,-1.47898,-1.60467,0.80078,0.79672,0.81201,NA,NA,NA,NA,NA,NA,NA,NA,NA,NA,NA,NA,NA,NA,NA,NA,NA,NA,NA,NA,NA,-Inf,-Inf,-Inf
"all",4,"Species","logComp.DBH.H.Den",4,1,405,-1.48191,-1.48084,-1.47379,0.80078,0.80153,0.80032,NA,NA,NA,NA,NA,NA,NA,NA,NA,NA,NA,NA,NA,NA,NA,NA,NA,NA,NA,NA,NA,-Inf,-Inf,-Inf
"all",4,"Site","logComp.DBH.H.Den",4,1,405,-1.48191,-1.45985,-1.56058,0.80078,0.7951,0.80675,NA,NA,NA,NA,NA,NA,NA,NA,NA,NA,NA,NA,NA,NA,NA,NA,NA,NA,NA,NA,NA,-Inf,-Inf,-Inf
"all",5,"Species&Site","logComp.Can.H.Den",5,1,545,-0.08245,-0.0049,-0.48229,0.89199,0.86345,0.95402,NA,NA,NA,NA,NA,NA,NA,NA,NA,NA,NA,NA,NA,NA,NA,NA,NA,NA,NA,NA,NA,-Inf,-Inf,-Inf
"all",5,"Species","logComp.Can.H.Den",5,1,545,-0.08245,-0.08203,-0.07968,0.89199,0.89166,0.89043,NA,NA,NA,NA,NA,NA,NA,NA,NA,NA,NA,NA,NA,NA,NA,NA,NA,NA,NA,NA,NA,-Inf,-Inf,-Inf
"all",5,"Site","logComp.Can.H.Den",5,1,545,-0.08245,-0.01478,-0.46009,0.89199,0.86319,0.94718,NA,NA,NA,NA,NA,NA,NA,NA,NA,NA,NA,NA,NA,NA,NA,NA,NA,NA,NA,NA,NA,-Inf,-Inf,-Inf
"all",6,"Species&Site","logDBH.cm, logHeight.m",6,2,405,-1.56799,-1.61139,-1.57948,1.73798,1.71859,1.82701,0.56602,0.60139,0.44407,NA,NA,NA,NA,NA,NA,5.04598,6.03746,1.29277,5.04598,6.03746,1.29277,NA,NA,NA,NA,NA,NA,5.04598,6.03746,1.29277
"all",6,"Species","logDBH.cm, logHeight.m",6,2,405,-1.56799,-1.56354,-1.5212,1.73798,1.76258,1.77697,0.56602,0.54176,0.5068,NA,NA,NA,NA,NA,NA,5.04598,5.482,1.9426,5.04598,5.482,1.9426,NA,NA,NA,NA,NA,NA,5.04598,5.482,1.9426
"all",6,"Site","logDBH.cm, logHeight.m",6,2,405,-1.56799,-1.60198,-1.45153,1.73798,1.68589,1.83627,0.56602,0.63427,0.41193,NA,NA,NA,NA,NA,NA,5.04598,5.822,1.08086,5.04598,5.822,1.08086,NA,NA,NA,NA,NA,NA,5.04598,5.822,1.08086
"all",7,"Species&Site","logDBH.cm, logCanopyDiameter.m",7,2,339,-0.90458,-1.02125,-0.94742,1.69137,1.75959,1.79227,0.59685,0.58165,0.47854,NA,NA,NA,NA,NA,NA,4.55624,3.31996,1.11699,4.55624,3.31996,1.11699,NA,NA,NA,NA,NA,NA,4.55624,3.31996,1.11699
"all",7,"Species","logDBH.cm, logCanopyDiameter.m",7,2,339,-0.90458,-0.95544,-0.94329,1.69137,1.75004,1.74145,0.59685,0.52563,0.55393,NA,NA,NA,NA,NA,NA,4.55624,4.7005,1.32419,4.55624,4.7005,1.32419,NA,NA,NA,NA,NA,NA,4.55624,4.7005,1.32419
"all",7,"Site","logDBH.cm, logCanopyDiameter.m",7,2,339,-0.90458,-0.98001,-1.02671,1.69137,1.6952,1.76133,0.59685,0.67596,0.56419,NA,NA,NA,NA,NA,NA,4.55624,3.10964,1.0611,4.55624,3.10964,1.0611,NA,NA,NA,NA,NA,NA,4.55624,3.10964,1.0611
"all",8,"Species&Site","logDBH.cm, logWoodDensity.g.cm3",8,2,503,0.42106,0.42715,0.39738,1.98609,1.98285,2.02438,3.98719,4.05863,4.08442,NA,NA,NA,NA,NA,NA,1.00035,1.00291,1.00003,1.00035,1.00291,1.00003,NA,NA,NA,NA,NA,NA,1.00035,1.00291,1.00003
"all",8,"Species","logDBH.cm, logWoodDensity.g.cm3",8,2,503,0.42106,0.42106,0.30373,1.98609,1.98609,2.03912,3.98719,3.98719,3.88848,NA,NA,NA,NA,NA,NA,1.00035,1.00035,1.00003,1.00035,1.00035,1.00003,NA,NA,NA,NA,NA,NA,1.00035,1.00035,1.00003
"all",8,"Site","logDBH.cm, logWoodDensity.g.cm3",8,2,503,0.42106,0.42715,0.3266,1.98609,1.98285,2.04748,3.98719,4.05863,4.06283,NA,NA,NA,NA,NA,NA,1.00035,1.00291,1.00098,1.00035,1.00291,1.00098,NA,NA,NA,NA,NA,NA,1.00035,1.00291,1.00098
"all",9,"Species&Site","logHeight.m, logCanopyDiameter.m",9,2,545,-0.97649,-1.03646,-1.50689,1.40076,1.54185,1.6693,1.34896,1.1273,1.30292,NA,NA,NA,NA,NA,NA,4.99639,3.5983,1.04234,4.99639,3.5983,1.04234,NA,NA,NA,NA,NA,NA,4.99639,3.5983,1.04234
"all",9,"Species","logHeight.m, logCanopyDiameter.m",9,2,545,-0.97649,-0.97649,-1.07134,1.40076,1.40076,1.45662,1.34896,1.34896,1.28764,NA,NA,NA,NA,NA,NA,4.99639,4.99639,1.02035,4.99639,4.99639,1.02035,NA,NA,NA,NA,NA,NA,4.99639,4.99639,1.02035
"all",9,"Site","logHeight.m, logCanopyDiameter.m",9,2,545,-0.97649,-1.03097,-1.64582,1.40076,1.53023,1.68718,1.34896,1.13811,1.30155,NA,NA,NA,NA,NA,NA,4.99639,3.50562,1.01832,4.99639,3.50562,1.01832,NA,NA,NA,NA,NA,NA,4.99639,3.50562,1.01832
"all",10,"Species&Site","logHeight.m, logWoodDensity.g.cm3",10,2,611,-1.58115,-1.431,-1.50905,2.75831,2.60561,2.63145,2.90652,2.59649,2.38091,NA,NA,NA,NA,NA,NA,1.00775,1.00414,1.00034,1.00775,1.00414,1.00034,NA,NA,NA,NA,NA,NA,1.00775,1.00414,1.00034
"all",10,"Species","logHeight.m, logWoodDensity.g.cm3",10,2,611,-1.58115,-1.57066,-0.74771,2.75831,2.78047,2.77653,2.90652,3.0027,5.3732,NA,NA,NA,NA,NA,NA,1.00775,1.00092,1.00217,1.00775,1.00092,1.00217,NA,NA,NA,NA,NA,NA,1.00775,1.00092,1.00217
"all",10,"Site","logHeight.m, logWoodDensity.g.cm3",10,2,611,-1.58115,-1.42824,-2.0535,2.75831,2.60541,2.96807,2.90652,2.60408,2.31662,NA,NA,NA,NA,NA,NA,1.00775,1.00473,1.00053,1.00775,1.00473,1.00053,NA,NA,NA,NA,NA,NA,1.00775,1.00473,1.00053
"all",11,"Species&Site","logCanopyDiameter.m, logWoodDensity.g.cm3",11,2,545,-0.33355,-0.17887,-0.1318,2.46944,2.32808,2.32574,-2.85756,-2.50091,-2.38348,NA,NA,NA,NA,NA,NA,1.00018,1.00503,1.00197,1.00018,1.00503,1.00197,NA,NA,NA,NA,NA,NA,1.00018,1.00503,1.00197
"all",11,"Species","logCanopyDiameter.m, logWoodDensity.g.cm3",11,2,545,-0.33355,-0.32545,0.09435,2.46944,2.46783,2.45975,-2.85756,-2.84034,-1.61386,NA,NA,NA,NA,NA,NA,1.00018,1.00006,1.00001,1.00018,1.00006,1.00001,NA,NA,NA,NA,NA,NA,1.00018,1.00006,1.00001
"all",11,"Site","logCanopyDiameter.m, logWoodDensity.g.cm3",11,2,545,-0.33355,-0.17886,-0.28518,2.46944,2.32808,2.51464,-2.85756,-2.5009,-1.83216,NA,NA,NA,NA,NA,NA,1.00018,1.00503,1.00007,1.00018,1.00503,1.00007,NA,NA,NA,NA,NA,NA,1.00018,1.00503,1.00007
"all",12,"Species&Site","logDBH.cm, logHeight.m, logCanopyDiameter.m",12,3,339,-1.51771,-1.63002,-1.49553,1.08181,1.17736,1.47123,0.85324,0.86778,0.54058,0.79656,0.68682,0.54091,NA,NA,NA,11.09412,9.29039,1.20591,5.09042,5.47292,1.07882,4.95239,3.62643,1.1279,NA,NA,NA,11.09412,9.29039,1.20591
"all",12,"Species","logDBH.cm, logHeight.m, logCanopyDiameter.m",12,3,339,-1.51771,-1.53275,-1.48124,1.08181,1.14523,1.15627,0.85324,0.83479,0.7867,0.79656,0.71685,0.73589,NA,NA,NA,11.09412,11.78256,2.24959,5.09042,5.53578,1.51105,4.95239,5.08383,1.62061,NA,NA,NA,11.09412,11.78256,2.24959
"all",12,"Site","logDBH.cm, logHeight.m, logCanopyDiameter.m",12,3,339,-1.51771,-1.60404,-1.44736,1.08181,1.10131,1.37343,0.85324,0.89054,0.57953,0.79656,0.7752,0.63691,NA,NA,NA,11.09412,8.99462,1.30532,5.09042,5.27067,1.09568,4.95239,3.5391,1.20668,NA,NA,NA,11.09412,8.99462,1.30532
"all",13,"Species&Site","logDBH.cm, logHeight.m, logWoodDensity.g.cm3",13,3,405,-0.50769,-0.57014,-0.57289,1.74922,1.70806,1.83083,0.55988,0.61697,0.45588,3.10809,3.06351,2.90015,NA,NA,NA,5.05013,5.82915,1.1247,5.04648,5.82021,1.1243,1.00207,1.00401,1.00045,NA,NA,NA,5.05013,5.82915,1.1247
"all",13,"Species","logDBH.cm, logHeight.m, logWoodDensity.g.cm3",13,3,405,-0.50769,-0.50769,-0.4025,1.74922,1.74922,1.76901,0.55988,0.55988,0.51608,3.10809,3.10809,3.28791,NA,NA,NA,5.05013,5.05013,2.08617,5.04648,5.04648,2.08434,1.00207,1.00207,1.00134,NA,NA,NA,5.05013,5.05013,2.08617
"all",13,"Site","logDBH.cm, logHeight.m, logWoodDensity.g.cm3",13,3,405,-0.50769,-0.57014,-0.56112,1.74922,1.70806,1.82255,0.55988,0.61697,0.46167,3.10809,3.06351,2.90987,NA,NA,NA,5.05013,5.82915,1.14747,5.04648,5.82021,1.14694,1.00207,1.00401,1.00065,NA,NA,NA,5.05013,5.82915,1.14747
"all",14,"Species&Site","logDBH.cm, logCanopyDiameter.m, logWoodDensity.g.cm3",14,3,339,-0.22969,-0.33098,-0.53751,1.7538,1.7633,1.83925,0.50247,0.57494,0.46091,2.07506,2.02536,1.63592,NA,NA,NA,4.85936,3.33453,1.0403,4.94725,3.35937,1.06078,1.08582,1.04595,1.02138,NA,NA,NA,4.94725,3.35937,1.06078
"all",14,"Species","logDBH.cm, logCanopyDiameter.m, logWoodDensity.g.cm3",14,3,339,-0.22969,-0.24737,-0.15035,1.7538,1.75485,1.75215,0.50247,0.51423,0.53677,2.07506,2.06626,2.32915,NA,NA,NA,4.85936,4.75572,1.33811,4.94725,4.77859,1.4125,1.08582,1.02282,1.07252,NA,NA,NA,4.94725,4.77859,1.4125
"all",14,"Site","logDBH.cm, logCanopyDiameter.m, logWoodDensity.g.cm3",14,3,339,-0.22969,-0.32298,-0.39306,1.7538,1.76259,1.8351,0.50247,0.57601,0.45907,2.07506,2.04875,2.01903,NA,NA,NA,4.85936,3.32768,1.0397,4.94725,3.37549,1.08294,1.08582,1.09138,1.04731,NA,NA,NA,4.94725,3.37549,1.08294
"all",15,"Species&Site","logHeight.m, logCanopyDiameter.m, logWoodDensity.g.cm3",15,3,545,-0.8747,-0.90812,-1.53944,1.40968,1.54599,1.71596,1.34165,1.12347,1.26767,0.3278,0.39431,0.4684,NA,NA,NA,5.32366,3.69657,1.01879,5.27264,3.69752,1.01935,1.0657,1.03518,1.01496,NA,NA,NA,5.32366,3.69752,1.01935
"all",15,"Species","logHeight.m, logCanopyDiameter.m, logWoodDensity.g.cm3",15,3,545,-0.8747,-0.8747,-0.86662,1.40968,1.40968,1.4773,1.34165,1.34165,1.26858,0.3278,0.3278,0.68512,NA,NA,NA,5.32366,5.32366,1.02423,5.27264,5.27264,1.02005,1.0657,1.0657,1.01785,NA,NA,NA,5.32366,5.32366,1.02423
"all",15,"Site","logHeight.m, logCanopyDiameter.m, logWoodDensity.g.cm3",15,3,545,-0.8747,-0.89906,-1.47846,1.40968,1.5439,1.71238,1.34165,1.12547,1.28211,0.3278,0.42978,0.58518,NA,NA,NA,5.32366,3.72773,1.02771,5.27264,3.72678,1.0336,1.0657,1.06903,1.02376,NA,NA,NA,5.32366,3.72773,1.0336
"all",16,"Species&Site","logDBH.cm, logHeight.m, logCanopyDiameter.m, logWoodDensity.g.cm3",16,4,339,-0.8991,-0.98613,-0.91587,1.15082,1.17539,1.39678,0.83505,0.87398,0.58734,0.70763,0.68041,0.59641,1.8618,1.89162,1.7997,11.55534,9.27681,1.85372,5.10315,5.30645,1.18341,5.38479,3.7976,1.65161,1.08854,1.09251,1.01413510903939,11.55534,9.27681,1.85372
"all",16,"Species","logDBH.cm, logHeight.m, logCanopyDiameter.m, logWoodDensity.g.cm3",16,4,339,-0.8991,-0.8991,-0.83634,1.15082,1.15082,1.17242,0.83505,0.83505,0.78828,0.70763,0.70763,0.70678,1.8618,1.8618,1.90708,11.55534,11.55534,3.98753,5.10315,5.10315,1.74401,5.38479,5.38479,2.96776,1.08854,1.08854,1.08628880476174,11.55534,11.55534,3.98753
"all",16,"Site","logDBH.cm, logHeight.m, logCanopyDiameter.m, logWoodDensity.g.cm3",16,4,339,-0.8991,-0.98613,-0.86619,1.15082,1.17539,1.46722,0.83505,0.87398,0.54627,0.70763,0.68041,0.53223,1.8618,1.89162,1.8326,11.55534,9.27681,1.23784,5.10315,5.30645,1.09341,5.38479,3.7976,1.19484,1.08854,1.09251,1.06077533581548,11.55534,9.27681,1.23784
"5cm",1,"Species&Site","logDBH.cm",1,1,264,-1.19187,-1.43268,-1.48399,2.11707,2.21636,2.25182,NA,NA,NA,NA,NA,NA,NA,NA,NA,NA,NA,NA,NA,NA,NA,NA,NA,NA,NA,NA,NA,-Inf,-Inf,-Inf
"5cm",1,"Species","logDBH.cm",1,1,264,-1.19187,-1.28059,-1.33014,2.11707,2.16089,2.18705,NA,NA,NA,NA,NA,NA,NA,NA,NA,NA,NA,NA,NA,NA,NA,NA,NA,NA,NA,NA,NA,-Inf,-Inf,-Inf
"5cm",1,"Site","logDBH.cm",1,1,264,-1.19187,-1.44479,-1.46413,2.11707,2.21471,2.23852,NA,NA,NA,NA,NA,NA,NA,NA,NA,NA,NA,NA,NA,NA,NA,NA,NA,NA,NA,NA,NA,-Inf,-Inf,-Inf
"5cm",2,"Species&Site","logHeight.m",2,1,239,-0.63156,-2.98099,-3.53204,2.04946,3.0502,3.26613,NA,NA,NA,NA,NA,NA,NA,NA,NA,NA,NA,NA,NA,NA,NA,NA,NA,NA,NA,NA,NA,-Inf,-Inf,-Inf
"5cm",2,"Species","logHeight.m",2,1,239,-0.63156,-0.9094,-1.18648,2.04946,2.18405,2.29745,NA,NA,NA,NA,NA,NA,NA,NA,NA,NA,NA,NA,NA,NA,NA,NA,NA,NA,NA,NA,NA,-Inf,-Inf,-Inf
"5cm",2,"Site","logHeight.m",2,1,239,-0.63156,-2.90206,-3.42479,2.04946,3.01115,3.21897,NA,NA,NA,NA,NA,NA,NA,NA,NA,NA,NA,NA,NA,NA,NA,NA,NA,NA,NA,NA,NA,-Inf,-Inf,-Inf
"5cm",3,"Species&Site","logCanopyDiameter.m",3,1,204,1.80599,1.61675,1.36527,1.87045,1.92673,2.083,NA,NA,NA,NA,NA,NA,NA,NA,NA,NA,NA,NA,NA,NA,NA,NA,NA,NA,NA,NA,NA,-Inf,-Inf,-Inf
"5cm",3,"Species","logCanopyDiameter.m",3,1,204,1.80599,1.74844,1.67407,1.87045,1.91901,1.96581,NA,NA,NA,NA,NA,NA,NA,NA,NA,NA,NA,NA,NA,NA,NA,NA,NA,NA,NA,NA,NA,-Inf,-Inf,-Inf
"5cm",3,"Site","logCanopyDiameter.m",3,1,204,1.80599,1.61675,1.43646,1.87045,1.92673,2.0455,NA,NA,NA,NA,NA,NA,NA,NA,NA,NA,NA,NA,NA,NA,NA,NA,NA,NA,NA,NA,NA,-Inf,-Inf,-Inf
"5cm",4,"Species&Site","logComp.DBH.H.Den",4,1,239,-1.81522,-2.12165,-2.2243,0.85232,0.8953,0.9121,NA,NA,NA,NA,NA,NA,NA,NA,NA,NA,NA,NA,NA,NA,NA,NA,NA,NA,NA,NA,NA,-Inf,-Inf,-Inf
"5cm",4,"Species","logComp.DBH.H.Den",4,1,239,-1.81522,-1.81248,-1.84189,0.85232,0.853,0.85813,NA,NA,NA,NA,NA,NA,NA,NA,NA,NA,NA,NA,NA,NA,NA,NA,NA,NA,NA,NA,NA,-Inf,-Inf,-Inf
"5cm",4,"Site","logComp.DBH.H.Den",4,1,239,-1.81522,-2.12382,-2.21609,0.85232,0.8949,0.91057,NA,NA,NA,NA,NA,NA,NA,NA,NA,NA,NA,NA,NA,NA,NA,NA,NA,NA,NA,NA,NA,-Inf,-Inf,-Inf
"5cm",5,"Species&Site","logComp.Can.H.Den",5,1,204,0.34268,0.32531,0.08433,0.86504,0.86886,0.91391,NA,NA,NA,NA,NA,NA,NA,NA,NA,NA,NA,NA,NA,NA,NA,NA,NA,NA,NA,NA,NA,-Inf,-Inf,-Inf
"5cm",5,"Species","logComp.Can.H.Den",5,1,204,0.34268,0.32531,0.17735,0.86504,0.86886,0.89685,NA,NA,NA,NA,NA,NA,NA,NA,NA,NA,NA,NA,NA,NA,NA,NA,NA,NA,NA,NA,NA,-Inf,-Inf,-Inf
"5cm",5,"Site","logComp.Can.H.Den",5,1,204,0.34268,0.34268,0.19006,0.86504,0.86504,0.89245,NA,NA,NA,NA,NA,NA,NA,NA,NA,NA,NA,NA,NA,NA,NA,NA,NA,NA,NA,NA,NA,-Inf,-Inf,-Inf
"5cm",6,"Species&Site","logDBH.cm, logHeight.m",6,2,239,-1.74097,-1.94125,-2.1508,1.86257,1.98796,1.97662,0.51615,0.46433,0.56539,NA,NA,NA,NA,NA,NA,1.42357,2.0313,1.10121,1.42357,2.0313,1.10121,NA,NA,NA,NA,NA,NA,1.42357,2.0313,1.10121
"5cm",6,"Species","logDBH.cm, logHeight.m",6,2,239,-1.74097,-1.66509,-1.56832,1.86257,1.96153,2.05021,0.51615,0.37919,0.25674,NA,NA,NA,NA,NA,NA,1.42357,1.64384,1.01888,1.42357,1.64384,1.01888,NA,NA,NA,NA,NA,NA,1.42357,1.64384,1.01888
"5cm",6,"Site","logDBH.cm, logHeight.m",6,2,239,-1.74097,-1.96787,-2.04925,1.86257,1.93797,1.97724,0.51615,0.52695,0.53736,NA,NA,NA,NA,NA,NA,1.42357,1.85464,1.08364,1.42357,1.85464,1.08364,NA,NA,NA,NA,NA,NA,1.42357,1.85464,1.08364
"5cm",7,"Species&Site","logDBH.cm, logCanopyDiameter.m",7,2,204,-0.74019,-1.06138,-1.00605,1.71068,1.80439,1.84153,0.4441,0.47542,0.37501,NA,NA,NA,NA,NA,NA,2.90776,2.74967,1.22593,2.90776,2.74967,1.22593,NA,NA,NA,NA,NA,NA,2.90776,2.74967,1.22593
"5cm",7,"Species","logDBH.cm, logCanopyDiameter.m",7,2,204,-0.74019,-0.92514,-0.94414,1.71068,1.80645,1.80777,0.4441,0.41094,0.43155,NA,NA,NA,NA,NA,NA,2.90776,2.80758,1.38885,2.90776,2.80758,1.38885,NA,NA,NA,NA,NA,NA,2.90776,2.80758,1.38885
"5cm",7,"Site","logDBH.cm, logCanopyDiameter.m",7,2,204,-0.74019,-0.99774,-1.02523,1.71068,1.72174,1.79208,0.4441,0.57798,0.4827,NA,NA,NA,NA,NA,NA,2.90776,2.58585,1.27237,2.90776,2.58585,1.27237,NA,NA,NA,NA,NA,NA,2.90776,2.58585,1.27237
"5cm",8,"Species&Site","logDBH.cm, logWoodDensity.g.cm3",8,2,264,-0.12722,-0.27168,-0.51463,2.09311,2.21223,2.22779,2.89104,3.3718,2.63548,NA,NA,NA,NA,NA,NA,1.00626,1.00029,1.00024,1.00626,1.00029,1.00024,NA,NA,NA,NA,NA,NA,1.00626,1.00029,1.00024
"5cm",8,"Species","logDBH.cm, logWoodDensity.g.cm3",8,2,264,-0.12722,-0.24394,-0.22538,2.09311,2.15775,2.18687,2.89104,3.00885,3.2181,NA,NA,NA,NA,NA,NA,1.00626,1.00023,1.00131,1.00626,1.00023,1.00131,NA,NA,NA,NA,NA,NA,1.00626,1.00023,1.00131
"5cm",8,"Site","logDBH.cm, logWoodDensity.g.cm3",8,2,264,-0.12722,-0.26516,-0.31802,2.09311,2.2101,2.23915,2.89104,3.37927,3.28878,NA,NA,NA,NA,NA,NA,1.00626,1.00054,1,1.00626,1.00054,1,NA,NA,NA,NA,NA,NA,1.00626,1.00054,1
"5cm",9,"Species&Site","logHeight.m, logCanopyDiameter.m",9,2,204,-0.83071,-1.30412,-1.56405,1.34563,1.60492,1.74399,1.55879,1.46689,1.43551,NA,NA,NA,NA,NA,NA,1.1334,1.31573,1.19692,1.1334,1.31573,1.19692,NA,NA,NA,NA,NA,NA,1.1334,1.31573,1.19692
"5cm",9,"Species","logHeight.m, logCanopyDiameter.m",9,2,204,-0.83071,-0.83071,-0.9176,1.34563,1.34563,1.36079,1.55879,1.55879,1.58438,NA,NA,NA,NA,NA,NA,1.1334,1.1334,1.03999,1.1334,1.1334,1.03999,NA,NA,NA,NA,NA,NA,1.1334,1.1334,1.03999
"5cm",9,"Site","logHeight.m, logCanopyDiameter.m",9,2,204,-0.83071,-1.30412,-1.85215,1.34563,1.60492,1.85246,1.55879,1.46689,1.39483,NA,NA,NA,NA,NA,NA,1.1334,1.31573,1.08494,1.1334,1.31573,1.08494,NA,NA,NA,NA,NA,NA,1.1334,1.31573,1.08494
"5cm",10,"Species&Site","logHeight.m, logWoodDensity.g.cm3",10,2,239,0.39058,-2.14181,-2.49461,2.04808,3.04173,3.12715,2.93366,2.40038,1.92804,NA,NA,NA,NA,NA,NA,1.00001,1.00003,1.00095,1.00001,1.00003,1.00095,NA,NA,NA,NA,NA,NA,1.00001,1.00003,1.00095
"5cm",10,"Species","logHeight.m, logWoodDensity.g.cm3",10,2,239,0.39058,0.0351,-0.24619,2.04808,2.18016,2.33384,2.93366,2.73474,3.00089,NA,NA,NA,NA,NA,NA,1.00001,1.00001,1.00136,1.00001,1.00001,1.00136,NA,NA,NA,NA,NA,NA,1.00001,1.00001,1.00136
"5cm",10,"Site","logHeight.m, logWoodDensity.g.cm3",10,2,239,0.39058,-2.12203,-2.70951,2.04808,3.0154,3.28666,2.93366,2.29912,2.56345,NA,NA,NA,NA,NA,NA,1.00001,1.00003,1.00105,1.00001,1.00003,1.00105,NA,NA,NA,NA,NA,NA,1.00001,1.00003,1.00105
"5cm",11,"Species&Site","logCanopyDiameter.m, logWoodDensity.g.cm3",11,2,204,1.60573,1.40742,2.29131,1.88486,1.93924,2.01857,-0.52738,-0.55546,2.4351,NA,NA,NA,NA,NA,NA,1.06778,1.03954,1.00008,1.06778,1.03954,1.00008,NA,NA,NA,NA,NA,NA,1.06778,1.03954,1.00008
"5cm",11,"Species","logCanopyDiameter.m, logWoodDensity.g.cm3",11,2,204,1.60573,1.56155,1.17372,1.88486,1.92299,1.976,-0.52738,-0.52911,-1.38732,NA,NA,NA,NA,NA,NA,1.06778,1.02758,1.02222,1.06778,1.02758,1.02222,NA,NA,NA,NA,NA,NA,1.06778,1.02758,1.02222
"5cm",11,"Site","logCanopyDiameter.m, logWoodDensity.g.cm3",11,2,204,1.60573,1.40742,1.9191,1.88486,1.93924,1.97665,-0.52738,-0.55546,1.14699,NA,NA,NA,NA,NA,NA,1.06778,1.03954,1.00077,1.06778,1.03954,1.00077,NA,NA,NA,NA,NA,NA,1.06778,1.03954,1.00077
"5cm",12,"Species&Site","logDBH.cm, logHeight.m, logCanopyDiameter.m",12,3,204,-1.52055,-1.61483,-1.79735,1.33717,1.58825,1.75285,0.68197,0.49111,0.47476,0.59758,0.49523,0.37026,NA,NA,NA,3.99321,4.22674,1.18927,1.55649,2.24153,1.05545,3.08071,2.77134,1.13084,NA,NA,NA,3.99321,4.22674,1.18927
"5cm",12,"Species","logDBH.cm, logHeight.m, logCanopyDiameter.m",12,3,204,-1.52055,-1.48027,-1.34282,1.33717,1.48581,1.6365,0.68197,0.54903,0.36285,0.59758,0.51243,0.46399,NA,NA,NA,3.99321,4.17384,1.30811,1.55649,1.83282,1.05209,3.08071,2.93106,1.2724,NA,NA,NA,3.99321,4.17384,1.30811
"5cm",12,"Site","logDBH.cm, logHeight.m, logCanopyDiameter.m",12,3,204,-1.52055,-1.57088,-1.77958,1.33717,1.49516,1.63565,0.68197,0.515,0.5451,0.59758,0.59873,0.47428,NA,NA,NA,3.99321,4.0083,1.26743,1.55649,2.14649,1.06294,3.08071,2.62591,1.20346,NA,NA,NA,3.99321,4.0083,1.26743
"5cm",13,"Species&Site","logDBH.cm, logHeight.m, logWoodDensity.g.cm3",13,3,239,-0.82096,-0.91882,-0.82398,1.85522,1.97755,2.08217,0.52097,0.48699,0.39162,2.62796,3.06559,3.23473,NA,NA,NA,1.42423,1.96414,1.03785,1.42369,1.95967,1.03656,1.00047,1.00403,1.00385,NA,NA,NA,1.42423,1.96414,1.03785
"5cm",13,"Species","logDBH.cm, logHeight.m, logWoodDensity.g.cm3",13,3,239,-0.82096,-0.75036,-0.39623,1.85522,1.95262,2.05272,0.52097,0.39094,0.24443,2.62796,2.68701,3.35946,NA,NA,NA,1.42423,1.62518,1.01889,1.42369,1.62518,1.02037,1.00047,1.00001,1.00147,NA,NA,NA,1.42423,1.62518,1.02037
"5cm",13,"Site","logDBH.cm, logHeight.m, logWoodDensity.g.cm3",13,3,239,-0.82096,-0.91882,-0.95309,1.85522,1.97755,2.0557,0.52097,0.48699,0.43571,2.62796,3.06559,2.98753,NA,NA,NA,1.42423,1.96414,1.03989,1.42369,1.95967,1.03724,1.00047,1.00403,1.00359,NA,NA,NA,1.42423,1.96414,1.03989
"5cm",14,"Species&Site","logDBH.cm, logCanopyDiameter.m, logWoodDensity.g.cm3",14,3,204,-0.19631,-0.40233,-0.40009,1.77388,1.81168,1.9032,0.34549,0.4651,0.35741,1.68003,1.94905,2.15395,NA,NA,NA,3.05058,2.76246,1.16311,3.23583,2.86642,1.20546,1.12023,1.10933,1.04667,NA,NA,NA,3.23583,2.86642,1.20546
"5cm",14,"Species","logDBH.cm, logCanopyDiameter.m, logWoodDensity.g.cm3",14,3,204,-0.19631,-0.33655,-0.45996,1.77388,1.80849,1.8538,0.34549,0.40615,0.37285,1.68003,1.71897,1.52002,NA,NA,NA,3.05058,2.81571,1.44244,3.23583,2.82339,1.51198,1.12023,1.00538,1.09137,NA,NA,NA,3.23583,2.82339,1.51198
"5cm",14,"Site","logDBH.cm, logCanopyDiameter.m, logWoodDensity.g.cm3",14,3,204,-0.19631,-0.40233,-0.44948,1.77388,1.81168,1.9142,0.34549,0.4651,0.34032,1.68003,1.94905,2.01682,NA,NA,NA,3.05058,2.76246,1.21352,3.23583,2.86642,1.3024,1.12023,1.10933,1.08729,NA,NA,NA,3.23583,2.86642,1.3024
"5cm",15,"Species&Site","logHeight.m, logCanopyDiameter.m, logWoodDensity.g.cm3",15,3,204,-0.74369,-1.18384,-1.49416,1.34956,1.62356,1.85099,1.55106,1.45123,1.41007,0.24948,0.41189,1.12446,NA,NA,NA,1.14378,1.34492,1.05059,1.22131,1.40322,1.0542,1.07757,1.0623,1.00649,NA,NA,NA,1.22131,1.40322,1.0542
"5cm",15,"Species","logHeight.m, logCanopyDiameter.m, logWoodDensity.g.cm3",15,3,204,-0.74369,-0.74369,-0.84796,1.34956,1.34956,1.35886,1.55106,1.55106,1.58496,0.24948,0.24948,0.19166,NA,NA,NA,1.14378,1.14378,1.04974,1.22131,1.22131,1.06469,1.07757,1.07757,1.03042,NA,NA,NA,1.22131,1.22131,1.06469
"5cm",15,"Site","logHeight.m, logCanopyDiameter.m, logWoodDensity.g.cm3",15,3,204,-0.74369,-1.18384,-1.65258,1.34956,1.62356,1.8771,1.55106,1.45123,1.37157,0.24948,0.41189,0.66432,NA,NA,NA,1.14378,1.34492,1.08848,1.22131,1.40322,1.11586,1.07757,1.0623,1.02977,NA,NA,NA,1.22131,1.40322,1.11586
"5cm",16,"Species&Site","logDBH.cm, logHeight.m, logCanopyDiameter.m, logWoodDensity.g.cm3",16,4,204,-0.99366,-0.96456,-1.23367,1.40106,1.59213,1.59387,0.67557,0.49652,0.58584,0.50193,0.48683,0.47403,1.60498,1.93119,1.7922,4.15314,4.2076,1.81462,1.55718,2.18009,1.14518,3.41904,2.90005,1.71511,1.12073,1.10914,1.06388193837158,4.15314,4.2076,1.81462
"5cm",16,"Species","logDBH.cm, logHeight.m, logCanopyDiameter.m, logWoodDensity.g.cm3",16,4,204,-0.99366,-0.92773,-0.73645,1.40106,1.48186,1.6565,0.67557,0.56044,0.34565,0.50193,0.50553,0.44643,1.60498,1.63719,1.73336,4.15314,4.17524,1.30673,1.55718,1.8063,1.0498,3.41904,2.9818,1.32788,1.12073,1.01454,1.05168050228085,4.15314,4.17524,1.32788
"5cm",16,"Site","logDBH.cm, logHeight.m, logCanopyDiameter.m, logWoodDensity.g.cm3",16,4,204,-0.99366,-0.96456,-1.07962,1.40106,1.59213,1.78979,0.67557,0.49652,0.45378,0.50193,0.48683,0.3388,1.60498,1.93119,2.0669,4.15314,4.2076,1.23057,1.55718,2.18009,1.06542,3.41904,2.90005,1.24726,1.12073,1.10914,1.08727982583781,4.15314,4.2076,1.24726
