"size","VarGroup","Model","ModelN","NumPredictors","MixedEffects","Rsq_Fixed","Rsq_MixedInt","Rsq_MixedIntSlope","AIC_Fixed","AIC_MixedInt","AIC_MixedIntSlope","BIC_Fixed","BIC_MixedInt","BIC_MixedIntSlope","RMdSE_lin_Fixed","RelRMdSE_lin_Fixed","RMSE_lin_Fixed","RelRMSE_lin_Fixed","RMSE_log_Fixed","RMSE_log.CVmean_Fixed","RMSE_log.CVsd_Fixed","RMdSE_lin_MixedInt","RelRMdSE_lin_MixedInt","RMSE_lin_MixedInt","RelRMSE_lin_MixedInt","RMSE_log_MixedInt","RMdSE_lin_MixedIntSlope","RelRMdSE_lin_MixedIntSlope","RMSE_lin_MixedIntSlope","RelRMSE_lin_MixedIntSlope","RMSE_log_MixedIntSlope","RMSE_log.CVmean_MixedInt","RMSE_log.CVmean_MixedIntSlope","RMSE_log.CVsd_MixedInt","RMSE_log.CVsd_MixedIntSlope","Sig_Fixed","Singular_MixedInt","Singular_MixedIntSlope","Sig_MixedInt","Sig_MixedIntSlope","ICC_MixedInt","ICC_MixedIntSlope"
"all",1,"DBH.cm",1,1,"Species&Site",0.93145,0.94568,0.96368,871.77524,784.07905,649.1979,884.43701,805.182,687.18321,2.65585229844543,26.1546629748156,68.3388034216499,117.58226474616,0.57217,0.56849,0.10801,2.08824947048277,20.564946755429,55.2511414598463,95.0639170922481,0.50563,1.66571678526243,16.4038719907478,69.4730726746791,119.533863851286,0.42388,0.51412,0.44102,0.06009,0.06163,0.57331,0,0,0.51026,0.43133,0.22017,0.44883
"all",1,"DBH.cm",1,1,"Species",0.93145,0.94171,0.95279,871.77524,804.66629,736.88118,884.43701,821.54865,762.20472,2.65585229844543,26.1546629748156,68.3388034216499,117.58226474616,0.57217,0.56849,0.10801,1.99303120663843,19.6272434044733,66.8477250074734,115.016747527908,0.52734,1.86432676747956,18.3597703482596,67.9652069569493,116.939462762203,0.48486,0.52911,0.49006,0.06147,0.0491,0.57331,0,0,0.52887,0.48766,0.14144,0.26328
"all",1,"DBH.cm",1,1,"Site",0.93145,0.93464,0.95295,871.77524,857.88467,748.35063,884.43701,874.76703,773.67417,2.65585229844543,26.1546629748156,68.3388034216499,117.58226474616,0.57217,0.56849,0.10801,2.52091355448482,24.8257948850501,63.8978175278898,109.94120062228,0.5526,2.26230440440489,22.2790285733455,74.6866379525845,128.504211327166,0.47856,0.55939,0.49299,0.08299,0.07613,0.57331,0,0,0.55622,0.48507,0.05684,0.34506
"all",2,"Height.m",2,1,"Species&Site",0.90556,0.93671,0.9631,1699.49038,1456.3792,1366.06069,1712.73567,1478.45468,1405.79656,3.62134400668003,154.758290883762,68.4265454612664,175.49012193512,0.96744,0.96752,0.09417,1.44545278178403,61.7714864010268,66.5905627245807,170.781469289282,0.75847,0.930604012177286,39.7694022297986,62.8525085257603,161.194669565155,0.67408,0.76887,0.69909,0.09274,0.10106,0.96903,0,0,0.76508,0.6851,0.48788,0.78956
"all",2,"Height.m",2,1,"Species",0.90556,0.91363,0.91459,1699.49038,1670.2575,1670.48581,1712.73567,1687.91789,1696.97639,3.62134400668003,154.758290883762,68.4265454612664,175.49012193512,0.96744,0.96752,0.09417,3.01471518518562,128.83398227289,65.415227819975,167.767146933339,0.9346,3.00912626210061,128.595139406009,66.0405580444696,169.37089993017,0.92717,0.93559,0.93936,0.07395,0.06959,0.96903,0,0,0.93675,0.93091,0.06508,0.08147
"all",2,"Height.m",2,1,"Site",0.90556,0.93311,0.95926,1699.49038,1470.76169,1387.13685,1712.73567,1488.42208,1413.62744,3.62134400668003,154.758290883762,68.4265454612664,175.49012193512,0.96744,0.96752,0.09417,1.33646647007618,57.1139517126571,66.3333675600858,170.121853777874,0.77377,1.05892246684299,45.2530968736322,64.5922736228671,165.656557666791,0.69735,0.78347,0.71623,0.08989,0.07543,0.96903,0,0,0.77934,0.70663,0.42665,0.75073
"all",3,"CanopyDiameter.m",3,1,"Species&Site",0.91285,0.91844,0.93756,1489.50949,1429.66712,1380.43638,1502.41185,1451.17105,1419.14345,1.9157194375617,114.030918902482,51.8919122415492,137.934304282693,0.94372,0.94051,0.10847,1.4896936835199,88.6722430666609,49.9634000239013,132.808110632251,0.86404,1.16442265905704,69.3108725629188,78.55210244405,208.79996771226,0.80778,0.87203,0.82647,0.09119,0.09443,0.94546,0,1,0.87061,0.81699,0.21737,NA
"all",3,"CanopyDiameter.m",3,1,"Species",0.91285,0.91639,0.91656,1489.50949,1475.94614,1476.33764,1502.41185,1493.14928,1502.14236,1.9157194375617,114.030918902482,51.8919122415492,137.934304282693,0.94372,0.94051,0.10847,1.97277732929089,117.427221981601,51.5927229454108,137.139026837153,0.92266,1.93428270392276,115.135875233497,50.8715685109989,135.222120504468,0.9192,0.92733,0.92046,0.0839,0.10914,0.94546,0,1,0.92491,0.92148,0.03927,NA
"all",3,"CanopyDiameter.m",3,1,"Site",0.91285,0.91595,0.93569,1489.50949,1435.69053,1380.8517,1502.41185,1452.89368,1406.65641,1.9157194375617,114.030918902482,51.8919122415492,137.934304282693,0.94372,0.94051,0.10847,1.53112813097294,91.1385792245797,48.8492827740701,129.846666717264,0.8743,1.17220216698909,69.7739385112555,78.7708370331752,209.381387861764,0.8165,0.88408,0.82731,0.05096,0.08776,0.94546,0,0,0.87966,0.82453,0.20728,0.32833
"all",4,"Comp.DBH.H.Den",4,1,"Species&Site",0.95723,0.96501,0.97796,501.64007,443.78079,321.98005,513.65173,463.80023,358.01504,3.42861173899145,22.5566561775753,40.5637216655658,69.1955747613503,0.44618,0.4451,0.05095,2.82017766965172,18.553800458235,45.2012878585075,77.1065613532639,0.39791,2.38035662306861,15.6602409412409,34.4132829272318,58.7038563967908,0.32235,0.40572,0.34207,0.04447,0.03354,0.44728,0,1,0.40221,0.3289,0.20164,NA
"all",4,"Comp.DBH.H.Den",4,1,"Species",0.95723,0.96079,0.96091,501.64007,477.34813,479.018,513.65173,493.36368,503.04133,3.42861173899145,22.5566561775753,40.5637216655658,69.1955747613503,0.44618,0.4451,0.05095,3.25642092156741,21.4238218524172,40.287667493608,68.7246680913121,0.42657,3.08331556177354,20.2849708011417,40.2168385600876,68.603844642096,0.42528,0.42855,0.42931,0.04731,0.07868,0.44728,0,1,0.42802,0.42673,0.07387,NA
"all",4,"Comp.DBH.H.Den",4,1,"Site",0.95723,0.96132,0.97457,501.64007,472.79137,357.9927,513.65173,488.80691,382.01603,3.42861173899145,22.5566561775753,40.5637216655658,69.1955747613503,0.44618,0.4451,0.05095,2.66182834407435,17.5120285794365,45.2742189644376,77.2309707907022,0.41849,2.3386304685832,15.3857267669948,34.6921373076823,59.1795397990456,0.34429,0.42264,0.35567,0.05956,0.06295,0.44728,0,0,0.42189,0.35034,0.10207,0.58108
"all",5,"Comp.Can.H.Den",5,1,"Species&Site",0.95281,0.95315,0.9699,1155.13103,1142.63265,1039.06613,1168.03339,1164.13657,1077.7732,1.29224038405193,76.9190704792815,45.5033721270109,120.952875038401,0.69441,0.69353,0.06502,1.02886209498859,61.2417913683686,44.6516746834943,118.688971295868,0.66773,0.802443724649991,47.7645074196423,43.0101597737515,114.325647470161,0.5892,0.67342,0.60115,0.09365,0.07142,0.69569,0,0,0.67247,0.59602,0.11555,NA
"all",5,"Comp.Can.H.Den",5,1,"Species",0.95281,0.95351,0.95355,1155.13103,1153.36953,1156.0061,1168.03339,1170.57267,1181.81082,1.29224038405193,76.9190704792815,45.5033721270109,120.952875038401,0.69441,0.69353,0.06502,1.16506665970129,69.3492059346007,46.6099065122569,123.894162880778,0.68824,1.16104953839677,69.1100915712366,46.0745755443895,122.471195381141,0.68696,0.68835,0.69126,0.08528,0.09139,0.69569,0,1,0.68961,0.68841,0.0139,NA
"all",5,"Comp.Can.H.Den",5,1,"Site",0.95281,0.95197,0.96862,1155.13103,1148.07446,1041.7775,1168.03339,1165.2776,1067.58222,1.29224038405193,76.9190704792815,45.5033721270109,120.952875038401,0.69441,0.69353,0.06502,1.09266620018781,65.0396547730838,42.8121930405596,113.799430523543,0.67657,0.755687602625388,44.9814049181779,42.0596337728543,111.799046753925,0.59798,0.68314,0.60881,0.04424,0.06335,0.69569,0,0,0.68026,0.60373,0.07456,0.40987
"all",6,"DBH.cm, Height.m",6,2,"Species&Site",0.95518,0.96564,0.97658,522.58209,442.46866,343.00856,538.59764,466.49199,407.07076,3.49539034534831,22.9959891141336,41.131571346417,70.1642404416965,0.45673,0.45662,0.08336,2.60986743012313,17.1701804613364,43.0375002410355,73.4154669047097,0.3965,2.2563265823228,14.8442538310711,37.3875832203852,63.777562897255,0.32795,0.40465,0.37122,0.07907,0.06413,0.45844,0,1,0.40069,0.33436,0.22922,NA
"all",6,"DBH.cm, Height.m",6,2,"Species",0.95518,0.96221,0.96278,522.58209,469.38698,474.19877,538.59764,489.40641,514.23764,3.49539034534831,22.9959891141336,41.131571346417,70.1642404416965,0.45673,0.45662,0.08336,2.78778570517325,18.3406954287714,40.3941740256962,68.906352128207,0.42029,3.11204215184727,20.473961525311,41.0733952412863,70.065000804242,0.41465,0.42122,0.5018,0.07482,0.05826,0.45844,0,1,0.42179,0.41724,0.13649,NA
"all",6,"DBH.cm, Height.m",6,2,"Site",0.95518,0.95869,0.97213,522.58209,501.03314,389.74403,538.59764,521.05258,429.7829,3.49539034534831,22.9959891141336,41.131571346417,70.1642404416965,0.45673,0.45662,0.08336,3.06456693193782,20.1616245522225,44.4699922566733,75.8590816494398,0.43325,2.57937105738982,16.9695464301962,30.8474431767914,52.6210730399558,0.35779,0.44241,0.69554,0.06833,0.07546,0.45844,0,1,0.43662,0.36368,0.08191,NA
"all",7,"DBH.cm, CanopyDiameter.m",7,2,"Species&Site",0.95908,0.96938,0.9748,398.7948,344.2662,297.19312,414.0988,367.22221,358.40912,2.57202497383062,15.9357185491364,52.9250774069136,87.8575658022777,0.43061,0.42683,0.08926,2.40973524814376,14.9302059984124,34.5427098744456,57.3421628172555,0.37903,2.04548049601306,12.673361189672,25.6191664778615,42.5287541352598,0.33718,0.38739,0.37342,0.06486,0.06993,0.43253,0,1,0.38318,0.3423,0.2442,NA
"all",7,"DBH.cm, CanopyDiameter.m",7,2,"Species",0.95908,0.96309,0.96647,398.7948,377.17587,364.77086,414.0988,396.30587,403.03087,2.57202497383062,15.9357185491364,52.9250774069136,87.8575658022777,0.43061,0.42683,0.08926,2.02176486783991,12.5264242121432,49.1680055149145,81.6206889350541,0.40962,1.98595307585058,12.304541981726,44.5574523695121,73.9670019457522,0.39071,0.40679,0.44473,0.09283,0.08601,0.43253,0,1,0.41129,0.39388,0.09061,NA
"all",7,"DBH.cm, CanopyDiameter.m",7,2,"Site",0.95908,0.9668,0.9787,398.7948,364.98121,236.45376,414.0988,384.11121,274.71376,2.57202497383062,15.9357185491364,52.9250774069136,87.8575658022777,0.43061,0.42683,0.08926,2.42207675157602,15.0066713232715,33.8099248553627,56.1257128621991,0.396,2.63120984440721,16.3024153928576,26.0483671014193,43.2412428811277,0.31382,0.39941,0.6438,0.05424,0.07491,0.43253,0,1,0.39927,0.31837,0.17999,NA
"all",8,"DBH.cm, WoodDensity.g.cm3",8,2,"Species&Site",0.94163,0.94544,0.95646,792.97811,776.26303,720.93471,809.86047,801.58657,788.46415,2.01709761001731,19.8642478002972,65.9197867938655,113.420157139467,0.52801,0.52246,0.10723,2.18845956702706,21.5518093544236,55.773038400663,95.961881662782,0.5068,1.6928618679855,16.6711950231548,63.5461293437194,109.336093551205,0.45746,0.50765,0.50409,0.10097,0.08534,0.52959,1,1,0.51026,0.46441,NA,NA
"all",8,"DBH.cm, WoodDensity.g.cm3",8,2,"Species",0.94163,0.94174,0.95291,792.97811,794.97811,731.83795,809.86047,816.08106,774.04385,2.01709761001731,19.8642478002972,65.9197867938655,113.420157139467,0.52801,0.52246,0.10723,2.01392398200419,19.8329941153166,65.9286287338085,113.435370389791,0.52801,1.83320419995284,18.0532773007927,67.9500301519867,116.913349880359,0.48479,0.52254,0.58305,0.11739,0.08751,0.52959,1,1,0.52801,0.48619,NA,NA
"all",8,"DBH.cm, WoodDensity.g.cm3",8,2,"Site",0.94163,0.94544,0.96673,792.97811,774.26303,608.62985,809.86047,795.36598,650.83575,2.01709761001731,19.8642478002972,65.9197867938655,113.420157139467,0.52801,0.52246,0.10723,2.18845966143637,21.5518102841605,55.7730379307412,95.9618808542447,0.5068,1.57276450049719,15.4884838563259,61.5540615179423,105.908584804269,0.40387,0.50646,0.90714,0.12503,0.08245,0.52959,0,0,0.51026,0.41183,0.0668,0.39926
"all",9,"Height.m, CanopyDiameter.m",9,2,"Species&Site",0.9598,0.96142,0.97777,1069.84614,1037.94529,916.77807,1087.04928,1063.75001,985.59064,1.15409374791105,68.6960564232765,49.4890536547245,131.547246779001,0.64097,0.64218,0.06159,0.989128940145804,58.8767226277264,50.9725659314161,135.490582550243,0.60366,0.666327631588437,39.6623590231212,42.1493625768013,112.037555600717,0.51149,0.61472,0.793,0.0624,0.139,0.64274,0,1,0.60794,0.51862,0.19604,NA
"all",9,"Height.m, CanopyDiameter.m",9,2,"Species",0.9598,0.95987,0.96269,1069.84614,1071.84614,1068.3891,1087.04928,1093.35006,1111.39695,1.15409374791105,68.6960564232765,49.4890536547245,131.547246779001,0.64097,0.64218,0.06159,1.15211519861218,68.5782856316775,49.5243085555013,131.640958110905,0.64097,1.02015475665212,60.7234974197689,47.1020722145056,125.202392444867,0.61956,0.64325,0.6954,0.03924,0.07587,0.64274,1,1,0.64097,0.62252,0.19604,NA
"all",9,"Height.m, CanopyDiameter.m",9,2,"Site",0.9598,0.96113,0.97832,1069.84614,1036.59921,892.44034,1087.04928,1058.10314,935.4482,1.15409374791105,68.6960564232765,49.4890536547245,131.547246779001,0.64097,0.64218,0.06159,1.0104587777197,60.1463558166488,50.2493542236821,133.568207762993,0.60621,0.579317118839442,34.4831618356811,44.5424648517765,118.398679774355,0.50848,0.61927,0.95371,0.0396,0.11244,0.64274,0,1,0.60986,0.51459,0.16543,NA
"all",10,"Height.m, WoodDensity.g.cm3",10,2,"Species&Site",0.90812,0.93553,0.93983,1684.73084,1454.73112,1455.10374,1702.39123,1481.2217,1525.7453,3.357961098987,143.502611067821,67.4530064332715,172.993335321391,0.95426,0.95321,0.11317,1.45208258760047,62.0548114359175,65.7704874266334,168.678263390715,0.76052,1.53442184543698,65.5735831383326,66.0116265014325,169.29670065588,0.74039,0.77353,0.86842,0.06622,0.09881,0.95661,0,1,0.76612,0.74827,0.44575,NA
"all",10,"Height.m, WoodDensity.g.cm3",10,2,"Species",0.90812,0.91287,0.9142,1684.73084,1670.65859,1672.17475,1702.39123,1692.73408,1716.32572,3.357961098987,143.502611067821,67.4530064332715,172.993335321391,0.95426,0.95321,0.11317,2.98853219827279,127.715051208239,65.4345639916293,167.816737440919,0.93471,2.91201919109089,124.445264576534,66.4415702222549,170.399355707129,0.92665,0.93585,0.93624,0.07404,0.09997,0.95661,0,1,0.93675,0.92879,0.03736,NA
"all",10,"Height.m, WoodDensity.g.cm3",10,2,"Site",0.90812,0.93547,0.9622,1684.73084,1452.73466,1370.58644,1702.39123,1474.81015,1414.73741,3.357961098987,143.502611067821,67.4530064332715,172.993335321391,0.95426,0.95321,0.11317,1.44620935041628,61.803818393858,65.7080341119194,168.518092513454,0.76081,0.955607562845074,40.8379300361143,63.5354624758433,162.946207234756,0.68177,0.76633,1.17538,0.09511,0.23011,0.95661,0,1,0.7663,0.69098,0.44341,NA
"all",11,"CanopyDiameter.m, WoodDensity.g.cm3",11,2,"Species&Site",0.9152,0.9184,0.91916,1476.5972,1426.97366,1444.04229,1493.80035,1452.77837,1512.85486,1.95711739939467,116.495083297302,52.6624744216355,139.982541736769,0.9309,0.93282,0.07358,1.50057998611143,89.3202372685374,50.7282628911195,134.841198697503,0.86445,1.4366367589317,85.5140927935538,48.8004232983563,129.716792956612,0.85762,0.87537,0.90513,0.06612,0.09861,0.93347,1,1,0.86972,0.86474,NA,NA
"all",11,"CanopyDiameter.m, WoodDensity.g.cm3",11,2,"Species",0.9152,0.91633,0.91623,1476.5972,1475.16457,1483.53497,1493.80035,1496.6685,1526.54283,1.95711739939467,116.495083297302,52.6624744216355,139.982541736769,0.9309,0.93282,0.07358,2.08098036816674,123.867879057544,51.8258837088693,137.758793315289,0.92311,1.95934892034967,116.627911925575,51.4547490612874,136.77227735937,0.92035,0.92536,0.94469,0.10344,0.10871,0.93347,0,1,0.9249,0.9224,0.01274,NA
"all",11,"CanopyDiameter.m, WoodDensity.g.cm3",11,2,"Site",0.9152,0.9184,0.93824,1476.5972,1424.97366,1375.63332,1493.80035,1446.47759,1418.64118,1.95711739939467,116.495083297302,52.6624744216355,139.982541736769,0.9309,0.93282,0.07358,1.50053762413169,89.3177157221244,50.7285542936745,134.841973276951,0.86445,1.18405376313465,70.479390662777,80.3705812227583,213.633680604288,0.80532,0.87697,0.8721,0.08558,0.10442,0.93347,0,1,0.86972,0.8136,0.19895,NA
"all",12,"DBH.cm, Height.m, CanopyDiameter.m",12,3,"Species&Site",0.97147,0.97607,0.98528,278.60894,249.03935,154.21989,297.73894,275.82136,242.21789,2.45182062797993,15.190958042007,35.9036804042715,59.6014237146902,0.3596,0.35937,0.07042,2.60708265563489,16.1529284735743,37.6727043421907,62.5380682062339,0.33071,1.83445380757165,11.3658848052767,24.8403063445014,41.2358178039373,0.25744,0.33742,0.83728,0.05972,0.09526,0.36174,0,1,0.33407,0.264,0.16025,NA
"all",12,"DBH.cm, Height.m, CanopyDiameter.m",12,3,"Species",0.97147,0.97349,0.97476,278.60894,262.58028,267.38925,297.73894,285.53628,320.95325,2.45182062797993,15.190958042007,35.9036804042715,59.6014237146902,0.3596,0.35937,0.07042,2.26118974079949,14.0098496951642,34.6746757990803,57.5612310827229,0.34529,2.18087875482599,13.5122599431598,37.4892084387767,62.2334582897535,0.33504,0.34882,0.44734,0.05491,0.04491,0.36174,0,1,0.34667,0.33771,0.0717,NA
"all",12,"DBH.cm, Height.m, CanopyDiameter.m",12,3,"Site",0.97147,0.97384,0.98253,278.60894,269.2132,176.05908,297.73894,292.1692,229.62308,2.45182062797993,15.190958042007,35.9036804042715,59.6014237146902,0.3596,0.35937,0.07042,2.44560441359453,15.1524437025683,38.1897602984309,63.396400020273,0.34657,1.88143210209316,11.6569523054099,26.4367738666251,43.886012328884,0.28032,0.35413,0.87363,0.05499,0.15274,0.36174,0,1,0.34896,0.28574,0.05897,NA
"all",13,"DBH.cm, Height.m, WoodDensity.g.cm3",13,3,"Species&Site",0.96199,0.96525,0.97908,457.86175,436.48466,322.72332,477.88119,464.51187,414.81272,2.65454041268138,17.4640816623775,40.740002128281,69.496282572072,0.42062,0.4243,0.04905,2.47194066761713,16.2627675501127,42.1161627474245,71.8438044733084,0.39815,2.16921757594597,14.2711682628025,27.5621380470972,47.0168393212193,0.31066,0.40284,0.91247,0.07232,0.0704,0.42271,1,1,0.40123,0.31794,NA,NA
"all",13,"DBH.cm, Height.m, WoodDensity.g.cm3",13,3,"Species",0.96199,0.96208,0.96266,457.86175,459.86175,471.74597,477.88119,483.88507,527.80039,2.65454041268138,17.4640816623775,40.740002128281,69.496282572072,0.42062,0.4243,0.04905,2.6701782460501,17.5669621450665,40.7443975836751,69.5037805542551,0.42062,2.98864279026704,19.6621236201779,41.6723467104447,71.0867214319563,0.41513,0.42292,0.4364,0.05722,0.06739,0.42271,1,1,0.42062,0.4163,NA,NA
"all",13,"DBH.cm, Height.m, WoodDensity.g.cm3",13,3,"Site",0.96199,0.96525,0.97843,457.86175,434.48466,308.37776,477.88119,458.50798,364.43218,2.65454041268138,17.4640816623775,40.740002128281,69.496282572072,0.42062,0.4243,0.04905,2.4719406895432,16.2627676943632,42.1161625078661,71.843804064658,0.39815,1.98483810089845,13.0581454006477,27.6495483020295,47.165947997192,0.31498,0.40431,1.01676,0.06529,0.12724,0.42271,0,1,0.40123,0.32153,0.08087,NA
"all",14,"DBH.cm, CanopyDiameter.m, WoodDensity.g.cm3",14,3,"Species&Site",0.96188,0.96944,0.9819,376.75093,342.22299,218.78127,395.88093,369.00499,306.77927,2.05892410733198,12.756654940099,54.7596751784938,90.9030652580096,0.41561,0.41652,0.09836,2.48259687972876,15.3816411383442,33.8033345192342,56.1147726629885,0.37955,1.78465529798721,11.0573438537002,23.0586311295298,38.2781717293902,0.28962,0.39079,0.66154,0.0708,0.08781,0.41808,0,1,0.38315,0.29511,0.18592,NA
"all",14,"DBH.cm, CanopyDiameter.m, WoodDensity.g.cm3",14,3,"Species",0.96188,0.96308,0.96686,376.75093,375.58215,363.29934,395.88093,398.53815,416.86335,2.05892410733198,12.756654940099,54.7596751784938,90.9030652580096,0.41561,0.41652,0.09836,2.01437008188285,12.4806076944415,50.4280929141347,83.7124801428861,0.41004,2.01391499568046,12.4777880773263,44.6497804635127,74.1202699614358,0.39059,0.41428,0.49059,0.06898,0.12482,0.41808,0,1,0.41135,0.3922,0.02228,NA
"all",14,"DBH.cm, CanopyDiameter.m, WoodDensity.g.cm3",14,3,"Site",0.96188,0.96937,0.98168,376.75093,340.39589,202.22105,395.88093,363.35189,255.78505,2.05892410733198,12.756654940099,54.7596751784938,90.9030652580096,0.41561,0.41652,0.09836,2.33417909842708,14.462076198433,33.398004395597,55.4419098207615,0.38052,1.82108700199265,11.2830669268442,22.8794593641317,37.9807400403,0.29138,0.38317,1.19053,0.0834,0.14879,0.41808,0,1,0.38368,0.29646,0.19141,NA
"all",15,"Height.m, CanopyDiameter.m, WoodDensity.g.cm3",15,3,"Species&Site",0.95983,0.96134,0.97913,1071.45218,1039.67326,905.85775,1092.9561,1069.77876,1004.77583,1.13220460053773,67.3931309843885,49.3358150698838,131.139922078942,0.64074,0.64551,0.07155,1.01509728483261,60.4224574305126,50.7580169701669,134.920288251457,0.60407,0.6649787723978,39.5820697855834,42.1894897313086,112.144217908979,0.49768,0.61306,0.97145,0.08803,0.24763,0.64311,0,1,0.60821,0.50501,0.1878,NA
"all",15,"Height.m, CanopyDiameter.m, WoodDensity.g.cm3",15,3,"Species",0.95983,0.9599,0.96262,1071.45218,1073.45218,1070.99667,1092.9561,1099.25689,1131.20767,1.13220460053773,67.3931309843885,49.3358150698838,131.139922078942,0.64074,0.64551,0.07155,1.12657469906546,67.0580178015157,49.3829906451936,131.265319850549,0.64074,1.04728909464472,62.3386365859954,47.4210583767726,126.050292097577,0.61676,0.64346,0.76719,0.06582,0.11591,0.64311,1,1,0.64074,0.6198,0.1878,NA
"all",15,"Height.m, CanopyDiameter.m, WoodDensity.g.cm3",15,3,"Site",0.95983,0.96115,0.97849,1071.45218,1037.87173,898.62125,1092.9561,1063.67644,958.83225,1.13220460053773,67.3931309843885,49.3358150698838,131.139922078942,0.64074,0.64551,0.07155,1.01563096019295,60.454223821009,50.2055397633034,133.451744197693,0.60576,0.711160049582259,42.3309553322773,44.477925116172,118.227126190287,0.5073,0.61405,1.5235,0.07554,0.13585,0.64311,0,1,0.60941,0.51342,0.16697,NA
"all",16,"DBH.cm, Height.m, CanopyDiameter.m, WoodDensity.g.cm3",16,4,"Species&Site",0.97372,0.97614,0.98418,252.76964,243.33164,177.34764,275.72564,273.93964,292.12764,2.49452501809325,15.455545341346,34.6090786405002,57.4523373983153,0.34513,0.34762,0.05514,2.62447533111709,16.2606897838729,36.9937861959716,61.4110392319123,0.33119,1.98553573778565,12.3019562440251,29.4542470848904,48.8951283249189,0.26753,0.33738,0.93967,0.05207,0.31295,0.34771,1,1,0.33356,0.27235,NA,NA
"all",16,"DBH.cm, Height.m, CanopyDiameter.m, WoodDensity.g.cm3",16,4,"Species",0.97372,0.97379,0.97461,252.76964,254.76964,269.43254,275.72564,281.55164,338.30055,2.49452501809325,15.455545341346,34.6090786405002,57.4523373983153,0.34513,0.34762,0.05514,2.46776423317532,15.2897412216563,34.623854772405,57.4768663181532,0.34513,2.37346363521489,14.7054748154578,37.6834162494863,62.5558503644509,0.33748,0.34656,0.38014,0.05386,0.05901,0.34771,1,1,0.34513,0.33876,NA,NA
"all",16,"DBH.cm, Height.m, CanopyDiameter.m, WoodDensity.g.cm3",16,4,"Site",0.97372,0.97614,0.98504,252.76964,241.33164,141.36594,275.72564,268.11364,210.23394,2.49452501809325,15.455545341346,34.6090786405002,57.4523373983153,0.34513,0.34762,0.05514,2.62447531377025,16.2606896763956,36.9937854708426,61.4110380281716,0.33119,1.95401427256782,12.106655963865,24.3853295430382,40.4805396592172,0.25941,0.33703,1.15001,0.07134,0.30081,0.34771,0,1,0.33356,0.26533,0.06809,NA
"5cm",1,"DBH.cm",1,1,"Species&Site",0.89737,0.94777,0.96032,240.11079,120.42181,70.76855,250.83863,138.30155,102.9521,9.01108035164629,16.9566186565482,94.1244883849239,86.7054286985105,0.37699,0.37845,0.04807,7.80668346476291,14.6902423814455,54.924091263961,50.5948766429697,0.27706,7.1988890344085,13.5465239842157,28.4082867990718,26.1690950757751,0.24087,0.28924,0.25462,0.07615,0.03337,0.37842,0,1,0.28211,0.24774,0.49119,NA
"5cm",1,"DBH.cm",1,1,"Species",0.89737,0.9306,0.93465,240.11079,161.27436,158.3913,250.83863,175.57816,179.84699,9.01108035164629,16.9566186565482,94.1244883849239,86.7054286985105,0.37699,0.37845,0.04807,8.45904770821144,15.9178301145083,85.4887784922372,78.7504008284064,0.31497,8.59445277109614,16.1726288651467,85.3799554412132,78.6501554039348,0.30773,0.3197,0.31092,0.04855,0.05971,0.37842,0,0,0.31673,0.31062,0.31212,0.336
"5cm",1,"DBH.cm",1,1,"Site",0.89737,0.92416,0.93803,240.11079,203.60057,163.22181,250.83863,217.90437,184.67751,9.01108035164629,16.9566186565482,94.1244883849239,86.7054286985105,0.37699,0.37845,0.04807,8.81130084546313,16.580683167179,65.0345969955016,59.9084543192377,0.33438,8.45595433076386,15.9120091452468,36.4191417754131,33.5485202060849,0.30174,0.34706,0.31427,0.05497,0.048,0.37842,0,0,0.33887,0.3079,0.22976,0.29856
"5cm",2,"Height.m",2,1,"Species&Site",0.39125,0.75698,0.78983,617.09898,539.26499,535.89577,627.52837,556.64731,567.18395,37.503462613526,70.3373615738273,107.742839067114,110.469062255379,0.86893,0.87153,0.09973,25.2298137742983,47.3182583744447,104.878794050471,107.532548144696,0.68133,24.4401159942371,45.8371882433314,96.9676089947313,99.4211859232863,0.65097,0.70933,0.69055,0.09789,0.10336,0.87259,0,1,0.69376,0.66831,0.46589,NA
"5cm",2,"Height.m",2,1,"Species",0.39125,0.49637,0.52915,617.09898,594.63329,592.25593,627.52837,608.53914,613.11471,37.503462613526,70.3373615738273,107.742839067114,110.469062255379,0.86893,0.87153,0.09973,30.7494828709791,57.67034146133,102.649698268561,105.247049425363,0.80781,30.3376633556926,56.8979781612164,104.087448093329,106.721178715767,0.79645,0.80442,0.80255,0.15225,0.12404,0.87259,0,1,0.81252,0.80114,0.12841,NA
"5cm",2,"Height.m",2,1,"Site",0.39125,0.74412,0.77219,617.09898,544.64095,538.40224,627.52837,558.54681,559.26102,37.503462613526,70.3373615738273,107.742839067114,110.469062255379,0.86893,0.87153,0.09973,25.2024603089652,47.2669572292341,107.426682618755,110.144906082416,0.6996,23.8773762687658,44.7817756284932,99.894845137928,102.422490089195,0.67297,0.72046,0.7014,0.10401,0.1312,0.87259,0,0,0.70986,0.68777,0.45071,0.45893
"5cm",3,"CanopyDiameter.m",3,1,"Species&Site",0.69891,0.76678,0.81552,393.17753,373.07509,370.31638,403.13189,389.66568,400.17946,23.3339081965978,45.1830691139623,83.1942666213281,84.6489677226827,0.62502,0.62571,0.07428,19.3609794580781,37.4900109144982,71.9169392801597,73.1744496234275,0.56303,18.2098381436546,35.2609759353892,68.4686063813246,69.6658205783615,0.52761,0.58643,0.56882,0.1001,0.09076,0.62811,1,1,0.57006,0.54099,NA,NA
"5cm",3,"CanopyDiameter.m",3,1,"Species",0.69891,0.71642,0.7318,393.17753,393.83487,396.32429,403.13189,407.10735,416.23301,23.3339081965978,45.1830691139623,83.1942666213281,84.6489677226827,0.62502,0.62571,0.07428,23.1026482033893,44.7352643069667,83.5291913289631,84.9897487875026,0.61613,20.2580075714499,39.2269888310203,82.1829518850811,83.6199695483771,0.60753,0.61368,0.6288,0.15798,0.07324,0.62811,0,0,0.61884,0.61264,0.0212,0.04461
"5cm",3,"CanopyDiameter.m",3,1,"Site",0.69891,0.76678,0.80282,393.17753,371.07509,368.55576,403.13189,384.34757,388.46448,23.3339081965978,45.1830691139623,83.1942666213281,84.6489677226827,0.62502,0.62571,0.07428,19.3609794897911,37.4900109759062,71.916939283807,73.1744496271386,0.56303,18.9498837252555,36.6939776588566,68.7325689295363,69.9343986683069,0.53877,0.57942,0.56927,0.10836,0.03838,0.62811,0,0,0.57006,0.55062,0.23799,0.32289
"5cm",4,"Comp.DBH.H.Den",4,1,"Species&Site",0.91018,0.94357,0.96046,159.74172,100.77297,53.78474,170.17111,118.15529,85.07291,11.0424332423358,20.7099709065504,50.1811548075324,51.4508914232996,0.33377,0.33473,0.04057,7.28435485480805,13.6617332253985,50.6682805354832,51.9503429212657,0.27382,7.08041987171326,13.2792552448635,35.5810528758292,36.4813622815667,0.23092,0.27866,0.24285,0.04825,0.0373,0.33518,0,1,0.27863,0.23818,0.37782,NA
"5cm",4,"Comp.DBH.H.Den",4,1,"Species",0.91018,0.91915,0.92146,159.74172,144.56945,146.70364,170.17111,158.4753,167.56242,11.0424332423358,20.7099709065504,50.1811548075324,51.4508914232996,0.33377,0.33473,0.04057,10.9486349734257,20.5340532100082,49.4385447742014,50.6894910860354,0.31573,10.8689810576457,20.3846631034805,50.6201282949238,51.9009722818233,0.31181,0.32119,0.32537,0.03319,0.04002,0.33518,0,0,0.31751,0.31465,0.09496,0.11116
"5cm",4,"Comp.DBH.H.Den",4,1,"Site",0.91018,0.93339,0.95105,159.74172,128.5978,87.50824,170.17111,142.50365,108.36702,11.0424332423358,20.7099709065504,50.1811548075324,51.4508914232996,0.33377,0.33473,0.04057,8.85349680708579,16.6046429507052,52.2478665872515,53.5698973287918,0.29785,7.1717361967459,13.4505180809809,37.9034778337419,38.8625516903523,0.25707,0.30393,0.27181,0.05104,0.03886,0.33518,0,0,0.30166,0.2639,0.2174,0.45918
"5cm",5,"Comp.Can.H.Den",5,1,"Species&Site",0.82266,0.82534,0.85632,285.1924,289.10781,284.87402,295.14676,305.69841,314.7371,16.0021179805311,30.9860138555588,69.4945262321336,70.7096792463208,0.47968,0.47509,0.0931,15.5969386279488,30.20143689841,69.6590560993047,70.8770860158158,0.47798,13.5913640642725,26.3179034002794,64.3705974659467,65.4961555462262,0.44713,0.48341,0.46607,0.08251,0.06807,0.48205,1,1,0.47873,0.45336,NA,NA
"5cm",5,"Comp.Can.H.Den",5,1,"Species",0.82266,0.82534,0.84274,285.1924,287.10781,284.16384,295.14676,300.38029,304.07256,16.0021179805311,30.9860138555588,69.4945262321336,70.7096792463208,0.47968,0.47509,0.0931,15.5968141753551,30.2011959121983,69.6590887772707,70.8771192651754,0.47798,14.2007204763087,27.4978425964096,67.0209669338199,68.1928682964011,0.46368,0.48352,0.47144,0.07377,0.07696,0.48205,0,1,0.47873,0.46631,0.00397,NA
"5cm",5,"Comp.Can.H.Den",5,1,"Site",0.82266,0.82338,0.84434,285.1924,287.1924,284.22451,295.14676,300.46488,304.13323,16.0021179805311,30.9860138555588,69.4945262321336,70.7096792463208,0.47968,0.47509,0.0931,15.9487988162951,30.8827682499589,69.521378609733,70.7370011536709,0.47968,14.5931737554176,28.2577771725028,64.8196835626282,65.9530941796988,0.45795,0.47677,0.47176,0.08631,0.08091,0.48205,1,1,0.47968,0.46263,0.00397,NA
"5cm",6,"DBH.cm, Height.m",6,2,"Species&Site",0.90826,0.94778,0.95594,166.79339,84.53283,88.88812,180.69924,105.39161,144.51154,11.2629333026109,21.1235165203632,54.40034056913,55.7768354823253,0.33732,0.33899,0.03934,7.93572450516143,14.8833703602747,46.5051048392713,47.6818261534977,0.2631,7.16939032408316,13.4461184207312,44.3611717046672,45.4836449567833,0.24296,0.27187,0.34469,0.05402,0.07811,0.33945,0,0,0.2677,0.25081,0.43427,NA
"5cm",6,"DBH.cm, Height.m",6,2,"Species",0.90826,0.9348,0.95689,166.79339,107.39849,104.84304,180.69924,124.78081,139.60768,11.2629333026109,21.1235165203632,54.40034056913,55.7768354823253,0.33732,0.33899,0.03934,9.04856954456844,16.9704998799948,52.9882413437201,54.3290058298562,0.28852,8.73102270994612,16.374944030829,50.0898902472688,51.3573175906741,0.27258,0.28495,0.44623,0.07968,0.33995,0.33945,0,1,0.29029,0.27559,0.27951,NA
"5cm",6,"DBH.cm, Height.m",6,2,"Site",0.90826,0.92451,0.94227,166.79339,152.19585,123.48261,180.69924,169.57817,158.24725,11.2629333026109,21.1235165203632,54.40034056913,55.7768354823253,0.33732,0.33899,0.03934,9.81807891988566,18.4137068639445,50.6237352102965,51.9046704631809,0.31403,8.95709665396386,16.7989434067443,35.4183120409069,36.3145036060372,0.27661,0.31904,1.06393,0.05864,0.25108,0.33945,0,1,0.31768,0.28342,0.13863,NA
"5cm",7,"DBH.cm, CanopyDiameter.m",7,2,"Species&Site",0.91195,0.95805,0.95929,144.36423,47.25437,53.07218,157.63671,67.16309,106.1621,6.65818342528151,12.8927035858398,65.1515021815234,66.2907148439748,0.338,0.33357,0.07661,6.33921028485625,12.2750537121923,34.8025878071277,35.4111316992622,0.24367,6.45350743217377,12.496375226928,30.9795328654023,31.521228374107,0.23329,0.25355,0.28276,0.04043,0.05573,0.34051,0,1,0.24818,0.23864,0.55404,NA
"5cm",7,"DBH.cm, CanopyDiameter.m",7,2,"Species",0.91195,0.93885,0.94202,144.36423,95.37374,97.60047,157.63671,111.96434,130.78167,6.65818342528151,12.8927035858398,65.1515021815234,66.2907148439748,0.338,0.33357,0.07661,6.63363220792687,12.8451633563497,58.9954893945539,60.0270605217788,0.28901,6.78025393055462,13.1290771941553,59.8470239227955,60.8934846363631,0.2834,0.29127,0.29584,0.05799,0.05696,0.34051,0,1,0.29108,0.28546,0.28468,NA
"5cm",7,"DBH.cm, CanopyDiameter.m",7,2,"Site",0.91195,0.95166,0.95663,144.36423,69.00058,55.34922,157.63671,85.59118,88.53042,6.65818342528151,12.8927035858398,65.1515021815234,66.2907148439748,0.338,0.33357,0.07661,8.29682258743097,16.0657145487886,35.5013040528789,36.1220654130374,0.26322,7.72114710050025,14.9509940701592,30.6470412738472,31.1829229698449,0.24672,0.26906,0.36249,0.05953,0.14575,0.34051,0,1,0.26685,0.2509,0.47542,NA
"5cm",8,"DBH.cm, WoodDensity.g.cm3",8,2,"Species&Site",0.91573,0.94888,0.9547,190.09591,115.30021,109.55219,204.3997,136.75591,166.76737,9.07249956922544,17.0721943933113,91.6069835148784,84.386358042687,0.34162,0.34253,0.05912,7.8833914900999,14.8345878630945,53.3982886089875,49.1893404687089,0.27726,7.80884040707764,14.6943012120038,56.6342934712712,52.170277668679,0.2585,0.28399,0.30972,0.04553,0.04909,0.34358,0,1,0.28173,0.26462,0.34606,NA
"5cm",8,"DBH.cm, WoodDensity.g.cm3",8,2,"Species",0.91573,0.93185,0.93686,190.09591,160.65473,157.93018,204.3997,178.53447,193.68968,9.07249956922544,17.0721943933113,91.6069835148784,84.386358042687,0.34162,0.34253,0.05912,8.27316742880012,15.5680495231972,85.5758301038544,78.8305908770715,0.31504,8.53241840384107,16.0558955692381,85.9316697742875,79.1583826313986,0.30727,0.31841,0.35944,0.02789,0.04678,0.34358,0,1,0.31674,0.30894,0.15393,NA
"5cm",8,"DBH.cm, WoodDensity.g.cm3",8,2,"Site",0.91573,0.94875,0.96384,190.09591,113.5184,48.19225,204.3997,131.39815,83.95174,9.07249956922544,17.0721943933113,91.6069835148784,84.386358042687,0.34162,0.34253,0.05912,8.24200622056608,15.5094118566487,52.6410460530494,48.4917851186828,0.27812,6.4893659177363,12.2113774259877,29.3593922159366,27.0452326710148,0.23288,0.28419,0.69003,0.0534,0.07226,0.34358,0,1,0.28217,0.23869,0.36019,NA
"5cm",9,"Height.m, CanopyDiameter.m",9,2,"Species&Site",0.84437,0.85893,0.8746,260.55266,262.24812,276.56182,273.82514,282.15684,329.65174,16.5842266362923,32.1131913263663,68.4617486815993,69.6588429676887,0.44936,0.45115,0.07583,13.9413213939989,26.9955501143549,71.6242610119967,72.8766537021337,0.43368,13.2712651408941,25.6980735948111,67.4775897079703,68.6574753906188,0.42041,0.44352,0.44259,0.10259,0.0536,0.4527,1,1,0.43811,0.42581,NA,NA
"5cm",9,"Height.m, CanopyDiameter.m",9,2,"Species",0.84437,0.84501,0.8551,260.55266,262.55266,268.20741,273.82514,279.14326,301.38861,16.5842266362923,32.1131913263663,68.4617486815993,69.6588429676887,0.44936,0.45115,0.07583,16.7672282894747,32.4675501536165,68.4935144913027,69.6911642214177,0.44936,15.7842954707397,30.5642289821651,65.5047025857805,66.6500911668131,0.43763,0.45123,0.46604,0.06228,0.0756,0.4527,1,1,0.44936,0.44005,NA,NA
"5cm",9,"Height.m, CanopyDiameter.m",9,2,"Site",0.84437,0.85893,0.88398,260.55266,260.24812,254.384,273.82514,276.83872,287.5652,16.5842266362923,32.1131913263663,68.4617486815993,69.6588429676887,0.44936,0.45115,0.07583,13.9413206230394,26.9955486214926,71.6242622979241,72.8766550105463,0.43368,12.0137812642931,23.2631201173461,67.7078380098218,68.8917497206076,0.40511,0.44835,1.03357,0.0728,0.19375,0.4527,0,1,0.43811,0.4123,0.08762,NA
"5cm",10,"Height.m, WoodDensity.g.cm3",10,2,"Species&Site",0.41304,0.75573,0.77284,610.38712,539.84242,557.47636,624.29297,560.7012,613.09978,37.5349317870957,70.3963816878528,106.528276161809,109.223767195764,0.85324,0.85334,0.12839,25.1545663730744,47.177132641018,105.266023764765,107.929575954486,0.68188,24.9588375361732,46.8100452039613,103.690733339598,106.314425866046,0.67322,0.69995,0.8216,0.11945,0.16481,0.85865,0,1,0.69383,0.68677,0.45194,NA
"5cm",10,"Height.m, WoodDensity.g.cm3",10,2,"Species",0.41304,0.49602,0.5433,610.38712,595.91503,597.88335,624.29297,613.29735,632.64798,37.5349317870957,70.3963816878528,106.528276161809,109.223767195764,0.85324,0.85334,0.12839,30.9783118487041,58.0995078748603,102.571116176589,105.166478966247,0.80797,30.8329559676605,57.8268944026802,104.222558611858,106.859707943435,0.79314,0.80794,1.38293,0.1532,0.37679,0.85865,0,1,0.81256,0.79776,0.10096,NA
"5cm",10,"Height.m, WoodDensity.g.cm3",10,2,"Site",0.41304,0.75295,0.79081,610.38712,538.95586,535.40541,624.29297,556.33817,570.17005,37.5349317870957,70.3963816878528,106.528276161809,109.223767195764,0.85324,0.85334,0.12839,24.6817571096342,46.2903836903742,106.854859820635,109.558614419495,0.68808,24.8204449212253,46.5504912663144,98.7419628516277,101.240436356797,0.65296,0.70442,1.96756,0.14551,0.39876,0.85865,0,0,0.69821,0.66877,0.4589,0.25058
"5cm",11,"CanopyDiameter.m, WoodDensity.g.cm3",11,2,"Species&Site",0.69952,0.76718,0.81612,394.76236,374.5347,384.85942,408.03484,394.44342,437.94934,23.6895000249877,45.8716262996312,83.3866564429859,84.8447215944947,0.62438,0.63053,0.06678,19.9637791710946,38.6572539183543,72.16382805748,73.4256553974697,0.56218,18.0067324817389,34.8676883179675,69.3482524167126,70.56084774647,0.53291,0.58369,0.59326,0.08733,0.08468,0.62903,1,1,0.56922,0.54465,NA,NA
"5cm",11,"CanopyDiameter.m, WoodDensity.g.cm3",11,2,"Species",0.69952,0.71417,0.72915,394.76236,395.65207,403.45757,408.03484,412.24267,436.63877,23.6895000249877,45.8716262996312,83.3866564429859,84.8447215944947,0.62438,0.63053,0.06678,23.7633283817536,46.0145852809649,83.593899287781,85.0555882033641,0.61629,20.5000155389044,39.695605687978,82.649384275748,84.0945577860749,0.60632,0.62043,0.6785,0.12491,0.09889,0.62903,0,1,0.61887,0.61107,0.01894,NA
"5cm",11,"CanopyDiameter.m, WoodDensity.g.cm3",11,2,"Site",0.69952,0.76718,0.80272,394.76236,372.5347,374.46346,408.03484,389.1253,407.64466,23.6895000249877,45.8716262996312,83.3866564429859,84.8447215944947,0.62438,0.63053,0.06678,19.9637794701463,38.6572544974289,72.16382787609,73.425655212908,0.56218,17.480042853544,33.8478225641541,69.9045260673566,71.1268481718679,0.53565,0.57931,0.76666,0.09815,0.21931,0.62903,0,1,0.56922,0.54725,0.2403,NA
"5cm",12,"DBH.cm, Height.m, CanopyDiameter.m",12,3,"Species&Site",0.93915,0.9605,0.97327,70.97163,26.44317,12.65342,87.56223,49.67001,88.97018,8.02169003039311,15.5329562454901,46.3257990242247,47.1358330998709,0.28097,0.28328,0.03905,6.16521606158386,11.9381365978662,38.5859725425781,39.260671161054,0.23248,5.20337096847939,10.0756490560235,27.9471855270186,28.4358586437727,0.19142,0.24588,0.87761,0.04521,0.16241,0.28377,0,1,0.23662,0.19962,0.42893,NA
"5cm",12,"DBH.cm, Height.m, CanopyDiameter.m",12,3,"Species",0.93915,0.94958,0.96274,70.97163,47.59758,58.58841,87.56223,67.5063,105.04209,8.02169003039311,15.5329562454901,46.3257990242247,47.1358330998709,0.28097,0.28328,0.03905,6.33208119883908,12.2612491671705,46.3952157250395,47.2064635928763,0.25688,6.04047786585155,11.6965973549997,44.8326608343912,45.616586503083,0.24469,0.26106,0.59807,0.04211,0.53878,0.28377,0,1,0.25867,0.24772,0.18417,NA
"5cm",12,"DBH.cm, Height.m, CanopyDiameter.m",12,3,"Site",0.93915,0.95357,0.96424,70.97163,49.36321,38.51209,87.56223,69.27192,84.96577,8.02169003039311,15.5329562454901,46.3257990242247,47.1358330998709,0.28097,0.28328,0.03905,6.85373917795401,13.2713717889625,40.3758968807657,41.0818933880487,0.25302,7.28373325490354,14.1039992225545,30.9102687173745,31.4507531013645,0.22335,0.26266,1.32757,0.03936,0.35871,0.28377,0,1,0.25622,0.23028,0.25901,NA
"5cm",13,"DBH.cm, Height.m, WoodDensity.g.cm3",13,3,"Species&Site",0.92574,0.94846,0.9687,118.27774,77.32483,35.48242,135.66006,101.66007,115.44108,10.3093048266863,19.3349960413499,53.8607946573699,55.2236374096558,0.30349,0.30844,0.03539,7.70621372803244,14.452925238917,45.5865991482162,46.7400794606722,0.26309,6.56916036351052,12.3203932523833,28.5326687961529,29.2546325384181,0.20664,0.26957,1.12103,0.05562,0.29776,0.30606,1,1,0.2666,0.21465,NA,NA
"5cm",13,"DBH.cm, Height.m, WoodDensity.g.cm3",13,3,"Species",0.92574,0.93488,0.9588,118.27774,106.26738,110.64647,135.66006,127.12617,159.31696,10.3093048266863,19.3349960413499,53.8607946573699,55.2236374096558,0.30349,0.30844,0.03539,8.86046402515765,16.6177098971291,52.9669147030146,54.3071395599472,0.28869,9.20850908101168,17.2704648491148,49.9891969621798,51.2540764576623,0.2713,0.29655,0.76546,0.0446,0.61509,0.30606,0,1,0.29035,0.27428,0.11044,NA
"5cm",13,"DBH.cm, Height.m, WoodDensity.g.cm3",13,3,"Site",0.92574,0.94846,0.96792,118.27774,75.32483,18.56884,135.66006,96.18361,67.23933,10.3093048266863,19.3349960413499,53.8607946573699,55.2236374096558,0.30349,0.30844,0.03539,7.70621377840431,14.4529253333889,45.5865989842527,46.7400792925599,0.26309,6.24094646644869,11.7048314364227,28.4659745498529,29.1862507238086,0.20943,0.26959,1.22256,0.04562,0.20723,0.30606,0,1,0.2666,0.21669,0.2709,NA
"5cm",14,"DBH.cm, CanopyDiameter.m, WoodDensity.g.cm3",14,3,"Species&Site",0.91787,0.95921,0.96902,132.16269,42.43938,28.71669,148.75329,65.66622,105.03345,8.92625295716355,17.2845243451775,66.7296275153259,67.8964346353569,0.32644,0.33055,0.05051,6.75378756002382,13.0778285203877,33.8735949053771,34.4658948055611,0.24363,5.70415434032853,11.0453507241171,25.8199145531752,26.2713910750892,0.20992,0.24939,0.86299,0.04889,0.15093,0.32968,1,1,0.24702,0.21543,NA,NA
"5cm",14,"DBH.cm, CanopyDiameter.m, WoodDensity.g.cm3",14,3,"Species",0.91787,0.93982,0.94292,132.16269,96.50317,103.27754,148.75329,116.41189,149.73122,8.92625295716355,17.2845243451775,66.7296275153259,67.8964346353569,0.32644,0.33055,0.05051,6.7432542683665,13.0574321752517,59.0993444607561,60.1327315554187,0.28904,6.68715764667188,12.9488083856262,60.0474452274728,61.0974104264393,0.28186,0.29293,0.35214,0.0509,0.10613,0.32968,0,1,0.29108,0.2843,0.2269,NA
"5cm",14,"DBH.cm, CanopyDiameter.m, WoodDensity.g.cm3",14,3,"Site",0.91787,0.95921,0.96844,132.16269,40.43938,11.10731,148.75329,60.3481,57.56099,8.92625295716355,17.2845243451775,66.7296275153259,67.8964346353569,0.32644,0.33055,0.05051,6.75378754913715,13.0778284993071,33.8735949559735,34.4658948570422,0.24363,5.49339796422489,10.6372484967719,25.8346099642279,26.2863434441213,0.21178,0.25461,0.70329,0.03552,0.13597,0.32968,0,1,0.24702,0.21668,0.51768,NA
"5cm",15,"Height.m, CanopyDiameter.m, WoodDensity.g.cm3",15,3,"Species&Site",0.84451,0.85999,0.89065,262.37465,263.75511,276.9749,278.96525,286.98195,353.29166,16.7585973223158,32.4508374116971,68.3073442948052,69.5017387286014,0.44916,0.45609,0.0815,14.7469582632773,28.5555608094632,71.6323509703694,72.8848851182274,0.43277,13.0066241586467,25.1856308573784,66.9541638124623,68.1248970828401,0.39775,0.44202,1.31899,0.08959,0.21672,0.45363,1,1,0.43727,0.4062,NA,NA
"5cm",15,"Height.m, CanopyDiameter.m, WoodDensity.g.cm3",15,3,"Species",0.84451,0.84515,0.85544,262.37465,264.37465,276.17632,278.96525,284.28337,322.63,16.7585973223158,32.4508374116971,68.3073442948052,69.5017387286014,0.44916,0.45609,0.0815,16.6740866060603,32.2871934348172,68.3502047584117,69.5453486328381,0.44916,15.7960504278309,30.5869909230371,65.5542422306735,66.7004970417831,0.43774,0.45888,0.46824,0.06733,0.0396,0.45363,1,1,0.44916,0.44013,NA,NA
"5cm",15,"Height.m, CanopyDiameter.m, WoodDensity.g.cm3",15,3,"Site",0.84451,0.85999,0.88578,262.37465,261.75511,260.98305,278.96525,281.66383,307.43673,16.7585973223158,32.4508374116971,68.3073442948052,69.5017387286014,0.44916,0.45609,0.0815,14.7469622724875,28.5555685727756,71.6323458396855,72.8848798978305,0.43277,13.1127956275854,25.3912180559981,67.7529930223716,68.9376942953371,0.40362,0.4453,2.14642,0.09191,0.44864,0.45363,0,1,0.43727,0.41067,0.09343,NA
"5cm",16,"DBH.cm, Height.m, CanopyDiameter.m, WoodDensity.g.cm3",16,4,"Species&Site",0.94455,0.96152,0.9692,54.0067,20.56644,41.1798,73.91542,47.1114,140.7234,7.98505935745686,15.4620257261349,45.5430036607214,46.3393500950953,0.26821,0.27166,0.05299,5.94089738326175,11.5037727415938,38.4316766924182,39.1036773564283,0.23236,5.5514856395507,10.7497277020042,36.0676479153085,36.6983121338476,0.20837,0.2368,0.69462,0.0452,0.16264,0.27156,1,1,0.2354,0.21433,NA,NA
"5cm",16,"DBH.cm, Height.m, CanopyDiameter.m, WoodDensity.g.cm3",16,4,"Species",0.94455,0.95021,0.96447,54.0067,47.51117,65.5532,73.91542,70.73801,125.27936,7.98505935745686,15.4620257261349,45.5430036607214,46.3393500950953,0.26821,0.27166,0.05299,6.32278265737035,12.2432437546909,46.2303199196215,47.0386844864871,0.25708,6.0775657467635,11.768413197953,45.0275894284157,45.8149235392025,0.24367,0.26261,0.98686,0.06053,0.89422,0.27156,0,1,0.25874,0.24674,0.09169,NA
"5cm",16,"DBH.cm, Height.m, CanopyDiameter.m, WoodDensity.g.cm3",16,4,"Site",0.94455,0.96152,0.97409,54.0067,18.56644,-8.65438,73.91542,41.79328,51.07178,7.98505935745686,15.4620257261349,45.5430036607214,46.3393500950953,0.26821,0.27166,0.05299,5.94089740071832,11.5037727753962,38.4316767229743,39.1036773875187,0.23236,5.06689052691139,9.81137248597297,27.9022358554816,28.3901230005654,0.19232,0.24339,1.46876,0.03259,0.30029,0.27156,0,1,0.2354,0.19865,0.33031,NA
