"size","ModelN","Model","NumObservations","MixedEffects","Effects","masterrank_global","value_Rsq","value_AIC","value_BIC","value_RMdSE_lin","value_RelRMdSE_lin","value_RMSE_lin","value_RelRMSE_lin","value_RMSE_log","value_RMSE_log.CVmean","value_RMSE_log.CVsd","value_Singular","value_Sig","value_ICC","ModelName","(Intercept)","slope.var1","slope.var2","slope.var3","slope.var4","VIF.var1","VIF.var2","VIF.var3","VIF.var4","maxVIF"
"all",16,"logDBH.cm, logHeight.m, logCanopyDiameter.m, logWoodDensity.g.cm3",339,NA,"Fixed",1,0.97372,252.76964,275.72564,2.49452501809325,15.455545341346,34.6090786405002,57.4523373983153,0.34513,0.34872,0.05467,NA,0.34771,NA,"16.Fixed",-0.8991,1.15082,0.83505,0.70763,1.8618,11.55534,5.10315,5.38479,1.08854,11.55534
"all",12,"logDBH.cm, logHeight.m, logCanopyDiameter.m",339,"Species&Site","MixedInt",2,0.97607,249.03935,275.82136,2.60708265563489,16.1529284735743,37.6727043421907,62.5380682062339,0.33071,0.33909,0.06237,0,0.33407,0.16025,"12.MixedInt_Species&Site",-1.63002,1.17736,0.86778,0.68682,NA,9.29039,5.47292,3.62643,NA,9.29039
"all",4,"logComp.DBH.H.Den",339,"Site","MixedIntSlope",3,0.97556,283.6227,306.5787,2.59365746596614,16.0697488597654,33.2662876229385,55.2232551566949,0.33651,0.34541,0.05668,0,0.34201,0.63095,"4.MixedIntSlope_Site",-1.56058,0.80675,NA,NA,NA,NA,NA,NA,NA,-Inf
"all",12,"logDBH.cm, logHeight.m, logCanopyDiameter.m",339,NA,"Fixed",4,0.97147,278.60894,297.73894,2.45182062797993,15.190958042007,35.9036804042715,59.6014237146902,0.3596,0.35977,0.04981,NA,0.36174,NA,"12.Fixed",-1.51771,1.08181,0.85324,0.79656,NA,11.09412,5.09042,4.95239,NA,11.09412
"all",1,"logDBH.cm",339,"Site","MixedIntSlope",5,0.97148,323.714,346.67001,2.51663350172464,15.592524793833,28.5742156673409,47.434243958497,0.36058,0.36843,0.07009,0,0.36601,0.50159,"1.MixedIntSlope_Site",-1.0528,2.0227,NA,NA,NA,NA,NA,NA,NA,-Inf
"all",14,"logDBH.cm, logCanopyDiameter.m, logWoodDensity.g.cm3",339,"Species&Site","MixedInt",6,0.96944,342.22299,369.00499,2.48259687972876,15.3816411383442,33.8033345192342,56.1147726629885,0.37955,0.39151,0.06331,0,0.38315,0.18592,"14.MixedInt_Species&Site",-0.33098,1.7633,0.57494,2.02536,NA,3.33453,3.35937,1.04595,NA,3.35937
"all",7,"logDBH.cm, logCanopyDiameter.m",339,"Species&Site","MixedInt",7,0.96938,344.2662,367.22221,2.40973524814376,14.9302059984124,34.5427098744456,57.3421628172555,0.37903,0.38582,0.07383,0,0.38318,0.2442,"7.MixedInt_Species&Site",-1.02125,1.75959,0.58165,NA,NA,3.31996,3.31996,NA,NA,3.31996
"all",14,"logDBH.cm, logCanopyDiameter.m, logWoodDensity.g.cm3",339,"Site","MixedInt",8,0.96937,340.39589,363.35189,2.33417909842708,14.462076198433,33.398004395597,55.4419098207615,0.38052,0.383,0.08048,0,0.38368,0.19141,"14.MixedInt_Site",-0.32298,1.76259,0.57601,2.04875,NA,3.32768,3.37549,1.09138,NA,3.37549
"all",13,"logDBH.cm, logHeight.m, logWoodDensity.g.cm3",339,"Site","MixedInt",9,0.9662,352.90753,375.86353,2.72655280832358,16.8931400763543,44.5318049111978,73.9244262261329,0.39017,0.40022,0.04464,0,0.39316,0.10043,"13.MixedInt_Site",-0.57014,1.70806,0.61697,3.06351,NA,5.82915,5.82021,1.00401,NA,5.82915
"all",7,"logDBH.cm, logCanopyDiameter.m",339,"Site","MixedInt",10,0.9668,364.98121,384.11121,2.42207675157602,15.0066713232715,33.8099248553627,56.1257128621991,0.396,0.40113,0.09132,0,0.39927,0.17999,"7.MixedInt_Site",-0.98001,1.6952,0.67596,NA,NA,3.10964,3.10964,NA,NA,3.10964
"all",4,"logComp.DBH.H.Den",339,"Species&Site","MixedInt",11,0.966,359.40894,378.53894,2.92210110793494,18.1047156625461,46.4810170923111,77.1601897971162,0.38959,0.39699,0.05982,0,0.39377,0.21285,"4.MixedInt_Species&Site",-1.47898,0.79672,NA,NA,NA,NA,NA,NA,NA,-Inf
"all",6,"logDBH.cm, logHeight.m",339,"Species&Site","MixedInt",12,0.9662,361.75434,384.71034,2.72184538394344,16.8639738782121,45.5536147258795,75.6206679215505,0.38936,0.39925,0.06686,0,0.39355,0.24882,"6.MixedInt_Species&Site",-1.61139,1.71859,0.60139,NA,NA,6.03746,6.03746,NA,NA,6.03746
"all",4,"logComp.DBH.H.Den",339,"Site","MixedInt",13,0.96259,382.06462,397.36862,2.76640792469347,17.1400738828591,47.1885960361686,78.3347967446376,0.4092,0.41325,0.06911,0,0.4124,0.11461,"4.MixedInt_Site",-1.45985,0.7951,NA,NA,NA,NA,NA,NA,NA,-Inf
"all",13,"logDBH.cm, logHeight.m, logWoodDensity.g.cm3",339,NA,"Fixed",14,0.96228,373.22988,392.35988,2.79923694053936,17.3434754680258,40.9552817842507,67.9872669178298,0.41346,0.4143,0.07939,NA,0.41592,NA,"13.Fixed",-0.50769,1.74922,0.55988,3.10809,NA,5.05013,5.04648,1.00207,NA,5.05013
"all",6,"logDBH.cm, logHeight.m",339,"Species","MixedInt",15,0.96207,384.91382,404.04382,2.81767148052024,17.4576919487003,40.902764981631,67.900087103119,0.41353,0.41614,0.07363,0,0.41527,0.13341,"6.MixedInt_Species",-1.56354,1.76258,0.54176,NA,NA,5.482,5.482,NA,NA,5.482
"all",14,"logDBH.cm, logCanopyDiameter.m, logWoodDensity.g.cm3",339,NA,"Fixed",16,0.96188,376.75093,395.88093,2.05892410733198,12.756654940099,54.7596751784938,90.9030652580096,0.41561,0.41641,0.07988,NA,0.41808,NA,"14.Fixed",-0.22969,1.7538,0.50247,2.07506,NA,4.85936,4.94725,1.08582,NA,4.94725
"all",8,"logDBH.cm, logWoodDensity.g.cm3",339,"Species&Site","MixedInt",17,0.96117,406.1647,429.1207,2.69346992128271,16.6881655593724,47.3205484498647,78.5538425814522,0.42101,0.42682,0.06249,0,0.42466,0.10697,"8.MixedInt_Species&Site",0.42715,1.98285,4.05863,NA,NA,1.00291,1.00291,NA,NA,1.00291
"all",1,"logDBH.cm",339,"Species&Site","MixedInt",18,0.96127,409.98266,429.11266,2.23009899740145,13.8172180755976,48.0181627990999,79.7119079371495,0.42009,0.4219,0.08944,0,0.42453,0.22317,"1.MixedInt_Species&Site",-0.96022,1.98266,NA,NA,NA,NA,NA,NA,NA,-Inf
"all",7,"logDBH.cm, logCanopyDiameter.m",339,NA,"Fixed",19,0.95908,398.7948,414.0988,2.57202497383062,15.9357185491364,52.9250774069136,87.8575658022777,0.43061,0.43015,0.06729,NA,0.43253,NA,"7.Fixed",-0.90458,1.69137,0.59685,NA,NA,4.55624,4.55624,NA,NA,4.55624
"all",4,"logComp.DBH.H.Den",339,NA,"Fixed",20,0.95778,407.39294,418.87094,3.36592733615911,20.8545683776897,40.4660522135983,67.175127922443,0.4374,0.43445,0.08092,NA,0.43869,NA,"4.Fixed",-1.48191,0.80078,NA,NA,NA,NA,NA,NA,NA,-Inf
"all",8,"logDBH.cm, logWoodDensity.g.cm3",339,"Site","MixedInt",21,0.96107,404.26475,423.39475,2.65327175669176,16.4391062992054,47.0338753594615,78.0779547577992,0.42188,0.41999,0.10608,0,0.42515,0.10635,"8.MixedInt_Site",0.42715,1.98285,4.05863,NA,NA,1.00291,1.00291,NA,NA,1.00291
"all",6,"logDBH.cm, logHeight.m",339,NA,"Fixed",22,0.95571,425.66347,440.96747,3.23798564366462,20.0618689198551,42.6205922048379,70.7517431741997,0.44802,0.44533,0.07851,NA,0.45002,NA,"6.Fixed",-1.56799,1.73798,0.56602,NA,NA,5.04598,5.04598,NA,NA,5.04598
"all",1,"logDBH.cm",339,"Species","MixedIntSlope",23,0.9592,422.53464,445.49064,2.60895262037779,16.1645143765662,50.2746152723194,83.4577016394691,0.43037,0.43163,0.08944,0,0.43385,0.17297,"1.MixedIntSlope_Species",-1.02525,2.03848,NA,NA,NA,NA,NA,NA,NA,-Inf
"all",1,"logDBH.cm",339,"Species","MixedInt",24,0.95643,432.29358,447.59758,2.49792268519846,15.4765965625679,58.0266021659146,96.326283642024,0.44493,0.44552,0.0763,0,0.44679,0.12425,"1.MixedInt_Species",-0.94203,1.98562,NA,NA,NA,NA,NA,NA,NA,-Inf
"all",8,"logDBH.cm, logWoodDensity.g.cm3",339,NA,"Fixed",25,0.95561,426.42836,441.73236,2.30929290577896,14.3078866529056,63.0937602650906,104.737951568479,0.44853,0.4447,0.09267,NA,0.45052,NA,"8.Fixed",0.42106,1.98609,3.98719,NA,NA,1.00035,1.00035,NA,NA,1.00035
"all",15,"logHeight.m, logCanopyDiameter.m, logWoodDensity.g.cm3",339,"Site","MixedInt",26,0.95545,451.55225,474.50825,4.25833365469951,26.3837277242845,59.4327358778501,98.6605170749454,0.44796,0.45727,0.04892,0,0.4517,0.20556,"15.MixedInt_Site",-0.89906,1.5439,1.12547,0.42978,NA,3.72773,3.72678,1.06903,NA,3.72773
"all",9,"logHeight.m, logCanopyDiameter.m",339,"Site","MixedInt",27,0.95501,452.62173,471.75173,3.88374512496606,24.0628570320078,59.3968798773012,98.6009948015359,0.45022,0.46051,0.05403,0,0.45397,0.19636,"9.MixedInt_Site",-1.03097,1.53023,1.13811,NA,NA,3.50562,3.50562,NA,NA,3.50562
"all",9,"logHeight.m, logCanopyDiameter.m",339,"Species&Site","MixedInt",28,0.95518,454.13851,477.09451,4.03456205576853,24.9972865908831,59.1684081413519,98.2217233567198,0.44855,0.46066,0.06928,0,0.45285,0.20247,"9.MixedInt_Species&Site",-1.03646,1.54185,1.1273,NA,NA,3.5983,3.5983,NA,NA,3.5983
"all",9,"logHeight.m, logCanopyDiameter.m",339,NA,"Fixed",29,0.94848,476.8979,492.20191,4.45765322843282,27.6186693211451,53.2547430291408,88.4048228024874,0.48319,0.48504,0.04853,NA,0.48534,NA,"9.Fixed",-0.97649,1.40076,1.34896,NA,NA,4.99639,4.99639,NA,NA,4.99639
"all",15,"logHeight.m, logCanopyDiameter.m, logWoodDensity.g.cm3",339,NA,"Fixed",30,0.94874,477.16953,496.29953,4.71505471590748,29.2134740762545,53.0288596696806,88.02984815739,0.48196,0.48552,0.06114,NA,0.48483,NA,"15.Fixed",-0.8747,1.40968,1.34165,0.3278,NA,5.32366,5.27264,1.0657,NA,5.32366
"all",1,"logDBH.cm",339,NA,"Fixed",31,0.94947,468.35014,479.82814,3.00854858891757,18.6403258297247,61.7801906206505,102.55737787588,0.47854,0.47636,0.07775,NA,0.47996,NA,"1.Fixed",-0.9557,1.98222,NA,NA,NA,NA,NA,NA,NA,-Inf
"all",10,"logHeight.m, logWoodDensity.g.cm3",339,"Site","MixedInt",32,0.90322,723.16767,742.29767,8.09879486352402,50.1784068371996,83.5362154333185,138.673175437761,0.66179,0.68113,0.05434,0,0.66763,0.53847,"10.MixedInt_Site",-1.42824,2.60541,2.60408,NA,NA,1.00473,1.00473,NA,NA,1.00473
"all",5,"logComp.Can.H.Den",339,NA,"Fixed",33,0.92471,603.52251,615.00051,5.16678344635836,32.0122890108944,52.9069084994689,87.827404750852,0.58413,0.57664,0.11889,NA,0.58586,NA,"5.Fixed",-0.08245,0.89199,NA,NA,NA,NA,NA,NA,NA,-Inf
"all",2,"logHeight.m",339,"Site","MixedIntSlope",34,0.91092,728.66423,751.62023,7.73790991944736,47.9424406409378,76.2687590936753,126.608931890864,0.66056,0.67597,0.0639,0,0.66809,0.61129,"2.MixedIntSlope_Site",-2.74473,2.93227,NA,NA,NA,NA,NA,NA,NA,-Inf
"all",2,"logHeight.m",339,"Species&Site","MixedIntSlope",35,0.92313,714.71267,749.14667,7.38637045984694,45.7643770746403,72.8751872136484,120.975478349325,0.63112,0.65024,0.09755,0,0.64085,0.68267,"2.MixedIntSlope_Species&Site",-2.83366,2.96589,NA,NA,NA,NA,NA,NA,NA,-Inf
"all",2,"logHeight.m",339,"Species&Site","MixedInt",36,0.90298,728.75651,747.88651,7.32956004820685,45.4123918724092,83.099905326305,137.948884689117,0.66166,0.67629,0.08902,0,0.66921,0.5494,"2.MixedInt_Species&Site",-2.3177,2.60707,NA,NA,NA,NA,NA,NA,NA,-Inf
"all",2,"logHeight.m",339,"Site","MixedInt",37,0.89766,739.56683,754.87083,8.44213992387721,52.3056996522751,84.630746577749,140.490137202505,0.68011,0.68624,0.07676,0,0.68611,0.53382,"2.MixedInt_Site",-2.28225,2.59326,NA,NA,NA,NA,NA,NA,NA,-Inf
"all",11,"logCanopyDiameter.m, logWoodDensity.g.cm3",339,"Site","MixedInt",38,0.84144,872.50673,891.63673,7.10572332269001,44.0255472285626,78.7233538679303,130.683649065843,0.84153,0.86024,0.08489,0,0.84806,0.10768,"11.MixedInt_Site",-0.17886,2.32808,-2.5009,NA,NA,1.00503,1.00503,NA,NA,1.00503
"all",3,"logCanopyDiameter.m",339,"Site","MixedInt",39,0.83923,874.37574,889.67974,7.2236876358169,44.756428970365,76.9311843532036,127.708582069562,0.84647,0.85482,0.11265,0,0.85302,0.10612,"3.MixedInt_Site",0.67717,2.31581,NA,NA,NA,NA,NA,NA,NA,-Inf
"all",3,"logCanopyDiameter.m",339,"Species&Site","MixedInt",40,0.84158,875.59879,894.7288,7.1759314489178,44.4605418148562,76.9157292997409,127.682926115086,0.84246,0.84807,0.18071,0,0.85015,0.11584,"3.MixedInt_Species&Site",0.68313,2.32901,NA,NA,NA,NA,NA,NA,NA,-Inf
"all",2,"logHeight.m",339,"Species","MixedInt",41,0.83549,879.77284,895.07685,9.77265591135804,60.5492931310907,86.1275635968948,142.974908244831,0.86065,0.8656,0.10579,0,0.86427,0.13,"2.MixedInt_Species",-2.59707,2.78075,NA,NA,NA,NA,NA,NA,NA,-Inf
"all",3,"logCanopyDiameter.m",339,NA,"Fixed",42,0.82228,894.66451,906.14251,8.15945541227078,50.5542466683444,76.5101347727765,127.009624353658,0.89743,0.89755,0.11123,NA,0.90009,NA,"3.Fixed",0.64369,2.46775,NA,NA,NA,NA,NA,NA,NA,-Inf
"all",11,"logCanopyDiameter.m, logWoodDensity.g.cm3",339,NA,"Fixed",43,0.82398,893.42297,908.72697,8.19088713857103,50.7489909452976,76.7157084074783,127.350884112225,0.89315,0.89527,0.12832,NA,0.89712,NA,"11.Fixed",-0.33355,2.46944,-2.85756,NA,NA,1.00018,1.00018,NA,NA,1.00018
"all",10,"logHeight.m, logWoodDensity.g.cm3",339,NA,"Fixed",44,0.81974,901.49353,916.79753,12.9321835779336,80.1250531470484,85.4596661006713,141.86617395291,0.90384,0.90133,0.13187,NA,0.90787,NA,"10.Fixed",-1.58115,2.75831,2.90652,NA,NA,1.00775,1.00775,NA,NA,1.00775
"all",2,"logHeight.m",339,NA,"Fixed",45,0.81115,915.26212,926.74012,13.8757124318314,85.9709568267126,86.6324455560374,143.813030778062,0.92511,0.92287,0.12143,NA,0.92785,NA,"2.Fixed",-2.55667,2.74547,NA,NA,NA,NA,NA,NA,NA,-Inf
"all",1,"logDBH.cm",339,"Species&Site","MixedIntSlope",46,0.97725,268.91059,303.34459,1.82647877732701,11.3164732176395,25.4365520112713,42.2256074361716,0.32263,0.33348,0.06646,1,0.3288,NA,"1.MixedIntSlope_Species&Site",-1.09146,2.05378,NA,NA,NA,NA,NA,NA,NA,-Inf
"all",1,"logDBH.cm",339,"Site","MixedInt",47,0.95445,451.03037,466.33437,2.87244501392437,17.7970570875116,49.8592460431131,82.7681735145188,0.45443,0.45812,0.0871,0,0.4578,0.08269,"1.MixedInt_Site",-0.941,1.9706,NA,NA,NA,NA,NA,NA,NA,-Inf
"all",2,"logHeight.m",339,"Species","MixedIntSlope",48,0.83639,883.39396,906.34996,9.30792797424591,57.6699378825645,89.0448051234522,147.817635963679,0.86014,0.8647,0.08029,1,0.86375,NA,"2.MixedIntSlope_Species",-2.58842,2.77791,NA,NA,NA,NA,NA,NA,NA,-Inf
"all",3,"logCanopyDiameter.m",339,"Species&Site","MixedIntSlope",49,0.84817,874.7322,909.1662,7.36405059982255,45.6260879790741,119.858987661338,198.970306920605,0.826,0.8485,0.14011,1,0.83454,NA,"3.MixedIntSlope_Species&Site",0.34413,2.51145,NA,NA,NA,NA,NA,NA,NA,-Inf
"all",3,"logCanopyDiameter.m",339,"Species","MixedInt",50,0.8251,896.23868,911.54268,8.14913909196598,50.4903289465055,74.8830190080397,124.308552624103,0.89333,0.88965,0.16781,0,0.89489,0.00571,"3.MixedInt_Species",0.64614,2.46721,NA,NA,NA,NA,NA,NA,NA,-Inf
"all",3,"logCanopyDiameter.m",339,"Species","MixedIntSlope",51,0.82864,898.94249,921.89849,7.83245294105681,48.5282090523966,74.3314837778199,123.392983953154,0.88714,0.90127,0.08935,0,0.8904,0.0168,"3.MixedIntSlope_Species",0.64605,2.45996,NA,NA,NA,NA,NA,NA,NA,-Inf
"all",3,"logCanopyDiameter.m",339,"Site","MixedIntSlope",52,0.84521,869.93385,892.88985,7.47430014961896,46.3091706915673,118.726036354306,197.089566279584,0.83173,0.84104,0.1449,1,0.8385,NA,"3.MixedIntSlope_Site",0.35029,2.49575,NA,NA,NA,NA,NA,NA,NA,-Inf
"all",4,"logComp.DBH.H.Den",339,"Species&Site","MixedIntSlope",53,0.97841,258.66908,293.10308,2.37628408913265,14.7229497467946,32.1043641022898,53.2944195805512,0.31648,0.33853,0.03881,0,0.32286,NA,"4.MixedIntSlope_Species&Site",-1.60467,0.81201,NA,NA,NA,NA,NA,NA,NA,-Inf
"all",4,"logComp.DBH.H.Den",339,"Species","MixedInt",54,0.9611,388.15104,403.45504,3.11411561501862,19.2943966234115,39.4718419899062,65.524702558343,0.4179,0.41663,0.09118,0,0.41958,0.0755,"4.MixedInt_Species",-1.48084,0.80153,NA,NA,NA,NA,NA,NA,NA,-Inf
"all",4,"logComp.DBH.H.Den",339,"Species","MixedIntSlope",55,0.96121,390.22065,413.17665,3.01086013754493,18.6546476923478,39.8309721833948,66.1208718253886,0.41663,0.42226,0.06032,1,0.4183,NA,"4.MixedIntSlope_Species",-1.47379,0.80032,NA,NA,NA,NA,NA,NA,NA,-Inf
"all",5,"logComp.Can.H.Den",339,"Species&Site","MixedInt",56,0.92616,606.03228,625.16228,4.73921696692109,29.3631782337118,53.070157885875,88.0984047079816,0.57926,0.58114,0.10631,1,0.58071,NA,"5.MixedInt_Species&Site",-0.0049,0.86345,NA,NA,NA,NA,NA,NA,NA,-Inf
"all",5,"logComp.Can.H.Den",339,"Species&Site","MixedIntSlope",57,0.93206,602.80818,637.24218,4.85139045718147,30.0581812712607,53.0020499534693,87.9853430471175,0.55798,0.55833,0.1212,1,0.56331,NA,"5.MixedIntSlope_Species&Site",-0.48229,0.95402,NA,NA,NA,NA,NA,NA,NA,-Inf
"all",5,"logComp.Can.H.Den",339,"Species","MixedInt",58,0.92616,604.03228,619.33628,4.73922744156274,29.363243132359,53.0701484624572,88.0983890647632,0.57926,0.57954,0.098,0,0.58071,0.01136,"5.MixedInt_Species",-0.08203,0.89166,NA,NA,NA,NA,NA,NA,NA,-Inf
"all",5,"logComp.Can.H.Den",339,"Species","MixedIntSlope",59,0.92699,606.3575,629.3135,4.68023759573256,28.9977546204,52.943961930014,87.8889148018868,0.57677,0.57988,0.07181,1,0.5785,NA,"5.MixedIntSlope_Species",-0.07968,0.89043,NA,NA,NA,NA,NA,NA,NA,-Inf
"all",5,"logComp.Can.H.Den",339,"Site","MixedInt",60,0.92491,605.52251,620.82651,5.15955955260504,31.9675313048639,52.8826784759096,87.7871820248108,0.58413,0.58472,0.07182,1,0.58413,NA,"5.MixedInt_Site",-0.01478,0.86319,NA,NA,NA,NA,NA,NA,NA,-Inf
"all",5,"logComp.Can.H.Den",339,"Site","MixedIntSlope",61,0.9289,602.23628,625.19228,4.88247078986878,30.2507483882824,52.7859626120159,87.6266301504916,0.5679,0.57305,0.09515,1,0.5715,NA,"5.MixedIntSlope_Site",-0.46009,0.94718,NA,NA,NA,NA,NA,NA,NA,-Inf
"all",6,"logDBH.cm, logHeight.m",339,"Species&Site","MixedIntSlope",62,0.97714,277.51508,338.73108,2.2531738030764,13.9601846535093,37.3068129738797,61.9306751414923,0.32004,0.36401,0.05759,1,0.32618,NA,"6.MixedIntSlope_Species&Site",-1.57948,1.82701,0.44407,NA,NA,1.29277,1.29277,NA,NA,1.29277
"all",6,"logDBH.cm, logHeight.m",339,"Species","MixedIntSlope",63,0.9632,387.93879,426.19879,3.01611740839479,18.6872206220248,42.4081927078924,70.3991522344495,0.40498,0.55363,0.08327,1,0.40816,NA,"6.MixedIntSlope_Species",-1.5212,1.77697,0.5068,NA,NA,1.9426,1.9426,NA,NA,1.9426
"all",6,"logDBH.cm, logHeight.m",339,"Site","MixedInt",64,0.95961,408.4644,427.5944,3.20911073023568,19.8829661105061,47.100234009154,78.1881125453274,0.42516,0.42706,0.08367,0,0.42837,0.09046,"6.MixedInt_Site",-1.60198,1.68589,0.63427,NA,NA,5.822,5.822,NA,NA,5.822
"all",6,"logDBH.cm, logHeight.m",339,"Site","MixedIntSlope",65,0.97396,302.98433,341.24433,2.68043392693431,16.6073973168173,29.0202261033965,48.1746376084293,0.3437,0.947,0.10845,1,0.34909,NA,"6.MixedIntSlope_Site",-1.45153,1.83627,0.41193,NA,NA,1.08086,1.08086,NA,NA,1.08086
"all",7,"logDBH.cm, logCanopyDiameter.m",339,"Species&Site","MixedIntSlope",66,0.9748,297.19312,358.40912,2.04548049601306,12.673361189672,25.6191664778615,42.5287541352598,0.33718,0.37735,0.07755,1,0.3423,NA,"7.MixedIntSlope_Species&Site",-0.94742,1.79227,0.47854,NA,NA,1.11699,1.11699,NA,NA,1.11699
"all",7,"logDBH.cm, logCanopyDiameter.m",339,"Species","MixedInt",67,0.96309,377.17587,396.30587,2.02176486783991,12.5264242121432,49.1680055149145,81.6206889350541,0.40962,0.40444,0.10636,0,0.41129,0.09061,"7.MixedInt_Species",-0.95544,1.75004,0.52563,NA,NA,4.7005,4.7005,NA,NA,4.7005
"all",7,"logDBH.cm, logCanopyDiameter.m",339,"Species","MixedIntSlope",68,0.96647,364.77086,403.03087,1.98595307585058,12.304541981726,44.5574523695121,73.9670019457522,0.39071,0.45679,0.09637,1,0.39388,NA,"7.MixedIntSlope_Species",-0.94329,1.74145,0.55393,NA,NA,1.32419,1.32419,NA,NA,1.32419
"all",7,"logDBH.cm, logCanopyDiameter.m",339,"Site","MixedIntSlope",69,0.9787,236.45376,274.71376,2.63120984440721,16.3024153928576,26.0483671014193,43.2412428811277,0.31382,0.64857,0.07144,1,0.31837,NA,"7.MixedIntSlope_Site",-1.02671,1.76133,0.56419,NA,NA,1.0611,1.0611,NA,NA,1.0611
"all",8,"logDBH.cm, logWoodDensity.g.cm3",339,"Species&Site","MixedIntSlope",70,0.96301,412.79387,474.00987,2.27759184583631,14.1114736421085,47.3977296881763,78.6819662622457,0.40983,0.45594,0.07327,1,0.41428,NA,"8.MixedIntSlope_Species&Site",0.39738,2.02438,4.08442,NA,NA,1.00003,1.00003,NA,NA,1.00003
"all",8,"logDBH.cm, logWoodDensity.g.cm3",339,"Species","MixedInt",71,0.95623,427.85988,446.98988,2.38406691808176,14.7711704961695,60.6153331748691,100.623671876621,0.44602,0.4353,0.12605,0,0.44693,0.00752,"8.MixedInt_Species",0.42106,1.98609,3.98719,NA,NA,1.00035,1.00035,NA,NA,1.00035
"all",8,"logDBH.cm, logWoodDensity.g.cm3",339,"Species","MixedIntSlope",72,0.95962,419.45182,457.71182,2.51450503663782,15.5793372778056,50.2674946417058,83.4458811320019,0.43021,0.45086,0.09827,1,0.43191,NA,"8.MixedIntSlope_Species",0.30373,2.03912,3.88848,NA,NA,1.00003,1.00003,NA,NA,1.00003
"all",8,"logDBH.cm, logWoodDensity.g.cm3",339,"Site","MixedIntSlope",73,0.97672,267.28147,305.54147,1.91064563475695,11.8379531273665,24.542781624636,40.7419158781565,0.32629,0.75763,0.10442,1,0.33141,NA,"8.MixedIntSlope_Site",0.3266,2.04748,4.06283,NA,NA,1.00098,1.00098,NA,NA,1.00098
"all",9,"logHeight.m, logCanopyDiameter.m",339,"Species&Site","MixedIntSlope",74,0.95845,465.79923,527.01523,3.75944328290189,23.2927093116598,53.866651221504,89.4206128005288,0.43678,0.46066,0.07415,1,0.44204,NA,"9.MixedIntSlope_Species&Site",-1.50689,1.6693,1.30292,NA,NA,1.04234,1.04234,NA,NA,1.04234
"all",9,"logHeight.m, logCanopyDiameter.m",339,"Species","MixedInt",75,0.94938,475.42464,494.55464,4.3344041006592,26.855043994171,52.4385015055994,87.0498319951292,0.47631,0.48184,0.03724,0,0.47787,0.02455,"9.MixedInt_Species",-0.97649,1.40076,1.34896,NA,NA,4.99639,4.99639,NA,NA,4.99639
"all",9,"logHeight.m, logCanopyDiameter.m",339,"Species","MixedIntSlope",76,0.95323,470.93116,509.19117,4.02205152490351,24.9197740080763,51.7418638194031,85.893387935827,0.45586,0.64465,0.13298,1,0.45951,NA,"9.MixedIntSlope_Species",-1.07134,1.45662,1.28764,NA,NA,1.02035,1.02035,NA,NA,1.02035
"all",9,"logHeight.m, logCanopyDiameter.m",339,"Site","MixedIntSlope",77,0.96321,438.45854,476.71854,3.77279461063638,23.3754312926665,52.9550363389093,87.9072987260284,0.42264,1.01339,0.19715,1,0.4286,NA,"9.MixedIntSlope_Site",-1.64582,1.68718,1.30155,NA,NA,1.01832,1.01832,NA,NA,1.01832
"all",10,"logHeight.m, logWoodDensity.g.cm3",339,"Species&Site","MixedInt",78,0.90322,725.16767,748.12367,8.09879487014664,50.178406878232,83.5362154646166,138.673175489717,0.66179,0.67436,0.0699,1,0.66763,NA,"10.MixedInt_Species&Site",-1.431,2.60561,2.59649,NA,NA,1.00414,1.00414,NA,NA,1.00414
"all",10,"logHeight.m, logWoodDensity.g.cm3",339,"Species&Site","MixedIntSlope",79,0.90387,743.20272,804.41872,8.31628365373134,51.5259210268361,83.781148548521,139.079773374702,0.6587,0.77277,0.13263,1,0.6652,NA,"10.MixedIntSlope_Species&Site",-1.50905,2.63145,2.38091,NA,NA,1.00034,1.00034,NA,NA,1.00034
"all",10,"logHeight.m, logWoodDensity.g.cm3",339,"Species","MixedInt",80,0.83522,880.70952,899.83952,9.47036436444793,58.6763591353651,85.897856118827,142.593585422864,0.86077,0.8669,0.09943,0,0.86429,0.0922,"10.MixedInt_Species",-1.57066,2.78047,3.0027,NA,NA,1.00092,1.00092,NA,NA,1.00092
"all",10,"logHeight.m, logWoodDensity.g.cm3",339,"Species","MixedIntSlope",81,0.83723,889.53764,927.79764,8.97757370389279,55.6231332335365,91.2644685935058,151.502358574093,0.85905,1.04105,0.29395,1,0.86259,NA,"10.MixedIntSlope_Species",-0.74771,2.77653,5.3732,NA,NA,1.00217,1.00217,NA,NA,1.00217
"all",10,"logHeight.m, logWoodDensity.g.cm3",339,"Site","MixedIntSlope",82,0.91868,715.71136,753.97136,8.0589644217229,49.9316259090638,74.8338483424233,124.226927519302,0.6402,1.69588,0.22429,1,0.64737,NA,"10.MixedIntSlope_Site",-2.0535,2.96807,2.31662,NA,NA,1.00053,1.00053,NA,NA,1.00053
"all",11,"logCanopyDiameter.m, logWoodDensity.g.cm3",339,"Species&Site","MixedInt",83,0.84144,874.50673,897.46273,7.10572333621234,44.0255473123441,78.7233509374064,130.683644201066,0.84153,0.85081,0.13952,1,0.84806,NA,"11.MixedInt_Species&Site",-0.17887,2.32808,-2.50091,NA,NA,1.00503,1.00503,NA,NA,1.00503
"all",11,"logCanopyDiameter.m, logWoodDensity.g.cm3",339,"Species&Site","MixedIntSlope",84,0.84411,893.89679,955.11279,6.78812979116607,42.0578053975593,75.0609729704635,124.603962715679,0.83609,0.88196,0.16239,1,0.84462,NA,"11.MixedIntSlope_Species&Site",-0.1318,2.32574,-2.38348,NA,NA,1.00197,1.00197,NA,NA,1.00197
"all",11,"logCanopyDiameter.m, logWoodDensity.g.cm3",339,"Species","MixedInt",85,0.8244,895.42297,914.55297,7.75055276056521,48.0207729898712,76.4478042758119,126.906153447107,0.89315,0.88895,0.13745,1,0.89315,NA,"11.MixedInt_Species",-0.32545,2.46783,-2.84034,NA,NA,1.00006,1.00006,NA,NA,1.00006
"all",11,"logCanopyDiameter.m, logWoodDensity.g.cm3",339,"Species","MixedIntSlope",86,0.82964,903.79478,942.05478,7.45559663615255,46.193287708504,72.5297263518285,120.402000673211,0.88454,0.89134,0.11324,1,0.88703,NA,"11.MixedIntSlope_Species",0.09435,2.45975,-1.61386,NA,NA,1.00001,1.00001,NA,NA,1.00001
"all",11,"logCanopyDiameter.m, logWoodDensity.g.cm3",339,"Site","MixedIntSlope",87,0.8477,874.08203,912.34203,7.08917098586646,43.9229924774873,121.863299951381,202.297538689336,0.82719,0.83959,0.10763,1,0.83393,NA,"11.MixedIntSlope_Site",-0.28518,2.51464,-1.83216,NA,NA,1.00007,1.00007,NA,NA,1.00007
"all",12,"logDBH.cm, logHeight.m, logCanopyDiameter.m",339,"Species&Site","MixedIntSlope",88,0.98528,154.21989,242.21789,1.83445380757165,11.3658848052767,24.8403063445014,41.2358178039373,0.25744,0.85894,0.11319,1,0.264,NA,"12.MixedIntSlope_Species&Site",-1.49553,1.47123,0.54058,0.54091,NA,1.20591,1.07882,1.1279,NA,1.20591
"all",12,"logDBH.cm, logHeight.m, logCanopyDiameter.m",339,"Species","MixedInt",89,0.97349,262.58028,285.53628,2.26118974079949,14.0098496951642,34.6746757990803,57.5612310827229,0.34529,0.35162,0.04606,0,0.34667,0.0717,"12.MixedInt_Species",-1.53275,1.14523,0.83479,0.71685,NA,11.78256,5.53578,5.08383,NA,11.78256
"all",12,"logDBH.cm, logHeight.m, logCanopyDiameter.m",339,"Species","MixedIntSlope",90,0.97476,267.38925,320.95325,2.18087875482599,13.5122599431598,37.4892084387767,62.2334582897535,0.33504,0.45309,0.06305,1,0.33771,NA,"12.MixedIntSlope_Species",-1.48124,1.15627,0.7867,0.73589,NA,2.24959,1.51105,1.62061,NA,2.24959
"all",12,"logDBH.cm, logHeight.m, logCanopyDiameter.m",339,"Site","MixedInt",91,0.97384,269.2132,292.1692,2.44560441359453,15.1524437025683,38.1897602984309,63.396400020273,0.34657,0.35121,0.06328,0,0.34896,0.05897,"12.MixedInt_Site",-1.60404,1.10131,0.89054,0.7752,NA,8.99462,5.27067,3.5391,NA,8.99462
"all",12,"logDBH.cm, logHeight.m, logCanopyDiameter.m",339,"Site","MixedIntSlope",92,0.98253,176.05908,229.62308,1.88143210209316,11.6569523054099,26.4367738666251,43.886012328884,0.28032,0.89714,0.1435,1,0.28574,NA,"12.MixedIntSlope_Site",-1.44736,1.37343,0.57953,0.63691,NA,1.30532,1.09568,1.20668,NA,1.30532
"all",13,"logDBH.cm, logHeight.m, logWoodDensity.g.cm3",339,"Species&Site","MixedInt",93,0.9662,354.90753,381.68953,2.72655280749597,16.8931400712266,44.5318049218769,73.9244262438605,0.39017,0.39317,0.08548,1,0.39316,NA,"13.MixedInt_Species&Site",-0.57014,1.70806,0.61697,3.06351,NA,5.82915,5.82021,1.00401,NA,5.82915
"all",13,"logDBH.cm, logHeight.m, logWoodDensity.g.cm3",339,"Species&Site","MixedIntSlope",94,0.97979,255.10287,343.10087,2.22788706251379,13.8035133984745,25.7169461675361,42.6910719993164,0.30096,1.0745,0.11203,1,0.30765,NA,"13.MixedIntSlope_Species&Site",-0.57289,1.83083,0.45588,2.90015,NA,1.1247,1.1243,1.00045,NA,1.1247
"all",13,"logDBH.cm, logHeight.m, logWoodDensity.g.cm3",339,"Species","MixedInt",95,0.96239,375.22988,398.18588,2.81131340951426,17.4182986958752,40.9492057267896,67.977180440032,0.41346,0.41514,0.06011,1,0.41346,NA,"13.MixedInt_Species",-0.50769,1.74922,0.55988,3.10809,NA,5.05013,5.04648,1.00207,NA,5.05013
"all",13,"logDBH.cm, logHeight.m, logWoodDensity.g.cm3",339,"Species","MixedIntSlope",96,0.96311,387.00427,440.56827,2.9536225640246,18.3000158861499,42.7527862568885,70.971190139528,0.40704,0.43701,0.0606,1,0.40839,NA,"13.MixedIntSlope_Species",-0.4025,1.76901,0.51608,3.28791,NA,2.08617,2.08434,1.00134,NA,2.08617
"all",13,"logDBH.cm, logHeight.m, logWoodDensity.g.cm3",339,"Site","MixedIntSlope",97,0.97907,241.31573,294.87974,2.1857925933748,13.5427050394969,25.8873585032638,42.9739627145175,0.30633,1.42431,0.25128,1,0.31208,NA,"13.MixedIntSlope_Site",-0.56112,1.82255,0.46167,2.90987,NA,1.14747,1.14694,1.00065,NA,1.14747
"all",14,"logDBH.cm, logCanopyDiameter.m, logWoodDensity.g.cm3",339,"Species&Site","MixedIntSlope",98,0.9819,218.78127,306.77927,1.78465529798721,11.0573438537002,23.0586311295298,38.2781717293902,0.28962,0.65193,0.09447,1,0.29511,NA,"14.MixedIntSlope_Species&Site",-0.53751,1.83925,0.46091,1.63592,NA,1.0403,1.06078,1.02138,NA,1.06078
"all",14,"logDBH.cm, logCanopyDiameter.m, logWoodDensity.g.cm3",339,"Species","MixedInt",99,0.96308,375.58215,398.53815,2.01437008188285,12.4806076944415,50.4280929141347,83.7124801428861,0.41004,0.4154,0.06183,0,0.41135,0.02228,"14.MixedInt_Species",-0.24737,1.75485,0.51423,2.06626,NA,4.75572,4.77859,1.02282,NA,4.77859
"all",14,"logDBH.cm, logCanopyDiameter.m, logWoodDensity.g.cm3",339,"Species","MixedIntSlope",100,0.96686,363.29934,416.86335,2.01391499568046,12.4777880773263,44.6497804635127,74.1202699614358,0.39059,0.49519,0.08086,1,0.3922,NA,"14.MixedIntSlope_Species",-0.15035,1.75215,0.53677,2.32915,NA,1.33811,1.4125,1.07252,NA,1.4125
"all",14,"logDBH.cm, logCanopyDiameter.m, logWoodDensity.g.cm3",339,"Site","MixedIntSlope",101,0.98168,202.22105,255.78505,1.82108700199265,11.2830669268442,22.8794593641317,37.9807400403,0.29138,1.21918,0.3333,1,0.29646,NA,"14.MixedIntSlope_Site",-0.39306,1.8351,0.45907,2.01903,NA,1.0397,1.08294,1.04731,NA,1.08294
"all",15,"logHeight.m, logCanopyDiameter.m, logWoodDensity.g.cm3",339,"Species&Site","MixedInt",102,0.95545,453.55225,480.33425,4.2583333946167,26.3837261128668,59.4327668592744,98.6605685052439,0.44796,0.45053,0.09504,1,0.4517,NA,"15.MixedInt_Species&Site",-0.90812,1.54599,1.12347,0.39431,NA,3.69657,3.69752,1.03518,NA,3.69752
"all",15,"logHeight.m, logCanopyDiameter.m, logWoodDensity.g.cm3",339,"Species&Site","MixedIntSlope",103,0.96405,460.46662,548.46463,3.96022967335304,24.5367389922741,52.7276397115013,87.5298120007449,0.41911,1.0646,0.17257,1,0.42543,NA,"15.MixedIntSlope_Species&Site",-1.53944,1.71596,1.26767,0.4684,NA,1.01879,1.01935,1.01496,NA,1.01935
"all",15,"logHeight.m, logCanopyDiameter.m, logWoodDensity.g.cm3",339,"Species","MixedInt",104,0.94948,476.86103,499.81703,4.41272367366379,27.3402953758599,52.4134714671682,87.0082812151163,0.47645,0.48,0.08278,0,0.47789,0.01871,"15.MixedInt_Species",-0.8747,1.40968,1.34165,0.3278,NA,5.32366,5.27264,1.0657,NA,5.32366
"all",15,"logHeight.m, logCanopyDiameter.m, logWoodDensity.g.cm3",339,"Species","MixedIntSlope",105,0.95328,478.51845,532.08245,4.08672946186254,25.3205047203379,51.6555447974517,85.7500951997055,0.45538,0.89174,0.08928,1,0.45906,NA,"15.MixedIntSlope_Species",-0.86662,1.4773,1.26858,0.68512,NA,1.02423,1.02005,1.01785,NA,1.02423
"all",15,"logHeight.m, logCanopyDiameter.m, logWoodDensity.g.cm3",339,"Site","MixedIntSlope",106,0.96396,442.5978,496.1618,3.8745624633545,24.0059632178098,52.9109200559319,87.8340640814225,0.41989,1.9465,0.23613,1,0.42585,NA,"15.MixedIntSlope_Site",-1.47846,1.71238,1.28211,0.58518,NA,1.02771,1.0336,1.02376,NA,1.0336
"all",16,"logDBH.cm, logHeight.m, logCanopyDiameter.m, logWoodDensity.g.cm3",339,"Species&Site","MixedInt",107,0.97614,243.33164,273.93964,2.62447533111709,16.2606897838729,36.9937861959716,61.4110392319123,0.33119,0.34016,0.0521,1,0.33356,NA,"16.MixedInt_Species&Site",-0.98613,1.17539,0.87398,0.68041,1.89162,9.27681,5.30645,3.7976,1.09251,9.27681
"all",16,"logDBH.cm, logHeight.m, logCanopyDiameter.m, logWoodDensity.g.cm3",339,"Species&Site","MixedIntSlope",108,0.98418,177.34764,292.12764,1.98553573778565,12.3019562440251,29.4542470848904,48.8951283249189,0.26753,0.69643,0.1814,1,0.27235,NA,"16.MixedIntSlope_Species&Site",-0.91587,1.39678,0.58734,0.59641,1.7997,1.85372,1.18341,1.65161,1.01414,1.85372
"all",16,"logDBH.cm, logHeight.m, logCanopyDiameter.m, logWoodDensity.g.cm3",339,"Species","MixedInt",109,0.97379,254.76964,281.55164,2.46776423317532,15.2897412216563,34.623854772405,57.4768663181532,0.34513,0.34888,0.06143,1,0.34513,NA,"16.MixedInt_Species",-0.8991,1.15082,0.83505,0.70763,1.8618,11.55534,5.10315,5.38479,1.08854,11.55534
"all",16,"logDBH.cm, logHeight.m, logCanopyDiameter.m, logWoodDensity.g.cm3",339,"Species","MixedIntSlope",110,0.97461,269.43254,338.30055,2.37346363521489,14.7054748154578,37.6834162494863,62.5558503644509,0.33748,0.38373,0.05016,1,0.33876,NA,"16.MixedIntSlope_Species",-0.83634,1.17242,0.78828,0.70678,1.90708,3.98753,1.74401,2.96776,1.08629,3.98753
"all",16,"logDBH.cm, logHeight.m, logCanopyDiameter.m, logWoodDensity.g.cm3",339,"Site","MixedInt",111,0.97614,241.33164,268.11364,2.62447531377025,16.2606896763956,36.9937854708426,61.4110380281716,0.33119,0.3354,0.05511,0,0.33356,0.06809,"16.MixedInt_Site",-0.98613,1.17539,0.87398,0.68041,1.89162,9.27681,5.30645,3.7976,1.09251,9.27681
"all",16,"logDBH.cm, logHeight.m, logCanopyDiameter.m, logWoodDensity.g.cm3",339,"Site","MixedIntSlope",112,0.98504,141.36594,210.23394,1.95401427256782,12.106655963865,24.3853295430382,40.4805396592172,0.25941,1.01787,0.21466,1,0.26533,NA,"16.MixedIntSlope_Site",-0.86619,1.46722,0.54627,0.53223,1.8326,1.23784,1.09341,1.19484,1.06078,1.23784
"5cm",16,"logDBH.cm, logHeight.m, logCanopyDiameter.m, logWoodDensity.g.cm3",204,"Site","MixedInt",1,0.96152,18.56644,41.79328,5.94089740071832,11.5037727753962,38.4316767229743,39.1036773875187,0.23236,0.23913,0.04286,0,0.2354,0.33031,"16.MixedInt_Site",-0.96456,1.59213,0.49652,0.48683,1.93119,4.2076,2.18009,2.90005,1.10914,4.2076
"5cm",14,"logDBH.cm, logCanopyDiameter.m, logWoodDensity.g.cm3",204,"Site","MixedInt",2,0.95921,40.43938,60.3481,6.75378754913715,13.0778284993071,33.8735949559735,34.4658948570422,0.24363,0.25484,0.03684,0,0.24702,0.51768,"14.MixedInt_Site",-0.40233,1.81168,0.4651,1.94905,NA,2.76246,2.86642,1.10933,NA,2.86642
"5cm",12,"logDBH.cm, logHeight.m, logCanopyDiameter.m",204,"Species&Site","MixedInt",3,0.9605,26.44317,49.67001,6.16521606158386,11.9381365978662,38.5859725425781,39.260671161054,0.23248,0.24311,0.06067,0,0.23662,0.42893,"12.MixedInt_Species&Site",-1.61483,1.58825,0.49111,0.49523,NA,4.22674,2.24153,2.77134,NA,4.22674
"5cm",7,"logDBH.cm, logCanopyDiameter.m",204,"Species&Site","MixedInt",4,0.95805,47.25437,67.16309,6.33921028485625,12.2750537121923,34.8025878071277,35.4111316992622,0.24367,0.25461,0.05629,0,0.24818,0.55404,"7.MixedInt_Species&Site",-1.06138,1.80439,0.47542,NA,NA,2.74967,2.74967,NA,NA,2.74967
"5cm",12,"logDBH.cm, logHeight.m, logCanopyDiameter.m",204,"Species","MixedInt",5,0.94958,47.59758,67.5063,6.33208119883908,12.2612491671705,46.3952157250395,47.2064635928763,0.25688,0.25973,0.0533,0,0.25867,0.18417,"12.MixedInt_Species",-1.48027,1.48581,0.54903,0.51243,NA,4.17384,1.83282,2.93106,NA,4.17384
"5cm",12,"logDBH.cm, logHeight.m, logCanopyDiameter.m",204,"Site","MixedInt",6,0.95357,49.36321,69.27192,6.85373917795401,13.2713717889625,40.3758968807657,41.0818933880487,0.25302,0.26282,0.05677,0,0.25622,0.25901,"12.MixedInt_Site",-1.57088,1.49516,0.515,0.59873,NA,4.0083,2.14649,2.62591,NA,4.0083
"5cm",7,"logDBH.cm, logCanopyDiameter.m",204,"Site","MixedInt",7,0.95166,69.00058,85.59118,8.29682258743097,16.0657145487886,35.5013040528789,36.1220654130374,0.26322,0.26996,0.04452,0,0.26685,0.47542,"7.MixedInt_Site",-0.99774,1.72174,0.57798,NA,NA,2.58585,2.58585,NA,NA,2.58585
"5cm",4,"logComp.DBH.H.Den",204,"Site","MixedIntSlope",8,0.95602,68.29808,88.2068,7.1491852239821,13.8434645136214,39.6452828471061,40.3385041346223,0.25256,0.26335,0.06481,0,0.25899,0.44831,"4.MixedIntSlope_Site",-2.21609,0.91057,NA,NA,NA,NA,NA,NA,NA,-Inf
"5cm",16,"logDBH.cm, logHeight.m, logCanopyDiameter.m, logWoodDensity.g.cm3",204,NA,"Fixed",9,0.94455,54.0067,73.91542,7.98505935745686,15.4620257261349,45.5430036607214,46.3393500950953,0.26821,0.26889,0.05212,NA,0.27156,NA,"16.Fixed",-0.99366,1.40106,0.67557,0.50193,1.60498,4.15314,1.55718,3.41904,1.12073,4.15314
"5cm",1,"logDBH.cm",204,"Site","MixedIntSlope",10,0.94689,97.17797,117.08669,7.35623802343225,14.2443952479405,34.627026466497,35.2325005644504,0.27852,0.29181,0.039,0,0.28398,0.3898,"1.MixedIntSlope_Site",-1.46413,2.23852,NA,NA,NA,NA,NA,NA,NA,-Inf
"5cm",6,"logDBH.cm, logHeight.m",204,"Species&Site","MixedInt",11,0.94772,81.93752,101.84624,7.82829760774488,15.1584770487344,48.4166127207676,49.2632059141344,0.26832,0.27869,0.04759,0,0.27301,0.40864,"6.MixedInt_Species&Site",-1.94125,1.98796,0.46433,NA,NA,2.0313,2.0313,NA,NA,2.0313
"5cm",12,"logDBH.cm, logHeight.m, logCanopyDiameter.m",204,NA,"Fixed",12,0.93915,70.97163,87.56223,8.02169003039311,15.5329562454901,46.3257990242247,47.1358330998709,0.28097,0.28238,0.04823,NA,0.28377,NA,"12.Fixed",-1.52055,1.33717,0.68197,0.59758,NA,3.99321,1.55649,3.08071,NA,3.99321
"5cm",13,"logDBH.cm, logHeight.m, logWoodDensity.g.cm3",204,"Site","MixedInt",13,0.94889,72.73521,92.64393,8.19307183500726,15.8648147518969,48.4815433276562,49.3292718712003,0.26834,0.28002,0.06271,0,0.27169,0.23866,"13.MixedInt_Site",-0.91882,1.97755,0.48699,3.06559,NA,1.96414,1.95967,1.00403,NA,1.96414
"5cm",1,"logDBH.cm",204,"Species&Site","MixedInt",14,0.94593,94.40003,110.99063,8.44060011746005,16.3441209786761,46.7837421277586,47.6017836102145,0.27603,0.28465,0.04486,0,0.28105,0.48967,"1.MixedInt_Species&Site",-1.43268,2.21636,NA,NA,NA,NA,NA,NA,NA,-Inf
"5cm",14,"logDBH.cm, logCanopyDiameter.m, logWoodDensity.g.cm3",204,"Species","MixedInt",15,0.93982,96.50317,116.41189,6.7432542683665,13.0574321752517,59.0993444607561,60.1327315554187,0.28904,0.29327,0.04236,0,0.29108,0.2269,"14.MixedInt_Species",-0.33655,1.80849,0.40615,1.71897,NA,2.81571,2.82339,1.00538,NA,2.82339
"5cm",8,"logDBH.cm, logWoodDensity.g.cm3",204,"Site","MixedInt",16,0.94736,85.9916,102.5822,8.6059898687771,16.6643766555879,46.1306772710045,46.9372995270526,0.2758,0.28183,0.0629,0,0.2795,0.38952,"8.MixedInt_Site",-0.26516,2.2101,3.37927,NA,NA,1.00054,1.00054,NA,NA,1.00054
"5cm",4,"logComp.DBH.H.Den",204,"Species&Site","MixedInt",17,0.94289,94.37097,110.96157,7.64747119315478,14.8083302872397,52.8358769956002,53.7597436462479,0.28039,0.28898,0.05105,0,0.28506,0.29417,"4.MixedInt_Species&Site",-2.12165,0.8953,NA,NA,NA,NA,NA,NA,NA,-Inf
"5cm",7,"logDBH.cm, logCanopyDiameter.m",204,"Species","MixedInt",18,0.93885,95.37374,111.96434,6.63363220792687,12.8451633563497,58.9954893945539,60.0270605217788,0.28901,0.29282,0.05897,0,0.29108,0.28468,"7.MixedInt_Species",-0.92514,1.80645,0.41094,NA,NA,2.80758,2.80758,NA,NA,2.80758
"5cm",4,"logComp.DBH.H.Den",204,"Site","MixedInt",19,0.93556,109.59405,122.86653,8.30766074752067,16.0867012318712,55.0463229952639,56.0088406054162,0.29914,0.30363,0.04556,0,0.30255,0.14271,"4.MixedInt_Site",-2.12382,0.8949,NA,NA,NA,NA,NA,NA,NA,-Inf
"5cm",6,"logDBH.cm, logHeight.m",204,"Species","MixedInt",20,0.93469,98.94511,115.53571,9.0352895014384,17.495659388412,54.7518766907315,55.7092457325883,0.29225,0.29979,0.05668,0,0.29431,0.22326,"6.MixedInt_Species",-1.66509,1.96153,0.37919,NA,NA,1.64384,1.64384,NA,NA,1.64384
"5cm",6,"logDBH.cm, logHeight.m",204,"Site","MixedInt",21,0.93115,122.68083,139.27143,8.03072295754098,15.550447330489,52.8550382545093,53.7792399511352,0.30744,0.31678,0.05117,0,0.31094,0.1409,"6.MixedInt_Site",-1.96787,1.93797,0.52695,NA,NA,1.85464,1.85464,NA,NA,1.85464
"5cm",1,"logDBH.cm",204,"Site","MixedInt",22,0.93032,133.13196,146.40444,8.2622837781616,15.9988346505228,50.7939474417326,51.6821097428916,0.31307,0.31995,0.04799,0,0.3171,0.28988,"1.MixedInt_Site",-1.44479,2.21471,NA,NA,NA,NA,NA,NA,NA,-Inf
"5cm",4,"logComp.DBH.H.Den",204,NA,"Fixed",23,0.9178,128.33913,138.29349,10.4612452157963,20.256836601095,50.9836692082092,51.875148906995,0.32658,0.32666,0.03725,NA,0.32819,NA,"4.Fixed",-1.81522,0.85232,NA,NA,NA,NA,NA,NA,NA,-Inf
"5cm",13,"logDBH.cm, logHeight.m, logWoodDensity.g.cm3",204,NA,"Fixed",24,0.92983,100.04036,116.63096,10.2179483561883,19.7857239726292,54.1557095193865,55.1026542246157,0.30172,0.30451,0.06495,NA,0.30472,NA,"13.Fixed",-0.82096,1.85522,0.52097,2.62796,NA,1.42423,1.42369,1.00047,NA,1.42423
"5cm",1,"logDBH.cm",204,"Species","MixedInt",25,0.92844,123.31591,136.58839,9.43180523542012,18.2634603783843,67.5690370624584,68.7505217563452,0.31111,0.31528,0.04317,0,0.31333,0.27675,"1.MixedInt_Species",-1.28059,2.16089,NA,NA,NA,NA,NA,NA,NA,-Inf
"5cm",1,"logDBH.cm",204,"Species","MixedIntSlope",26,0.93572,116.40032,136.30904,10.2814264629129,19.9086410450371,64.4160939321597,65.5424475451387,0.29849,0.3067,0.05889,0,0.30219,0.32138,"1.MixedIntSlope_Species",-1.33014,2.18705,NA,NA,NA,NA,NA,NA,NA,-Inf
"5cm",7,"logDBH.cm, logCanopyDiameter.m",204,NA,"Fixed",27,0.91195,144.36423,157.63671,6.65818342528151,12.8927035858398,65.1515021815234,66.2907148439748,0.338,0.33793,0.05569,NA,0.34051,NA,"7.Fixed",-0.74019,1.71068,0.4441,NA,NA,2.90776,2.90776,NA,NA,2.90776
"5cm",14,"logDBH.cm, logCanopyDiameter.m, logWoodDensity.g.cm3",204,NA,"Fixed",28,0.91787,132.16269,148.75329,8.92625295716355,17.2845243451775,66.7296275153259,67.8964346353569,0.32644,0.32755,0.0506,NA,0.32968,NA,"14.Fixed",-0.19631,1.77388,0.34549,1.68003,NA,3.05058,3.23583,1.12023,NA,3.23583
"5cm",6,"logDBH.cm, logHeight.m",204,NA,"Fixed",29,0.916,134.75976,148.03224,10.5823977128289,20.4914326062148,56.3983206299811,57.3844787207593,0.33014,0.33108,0.05594,NA,0.33259,NA,"6.Fixed",-1.74097,1.86257,0.51615,NA,NA,1.42357,1.42357,NA,NA,1.42357
"5cm",8,"logDBH.cm, logWoodDensity.g.cm3",204,"Species","MixedInt",30,0.92949,123.54927,140.13987,8.89513131582438,17.2242613468096,67.7506315481201,68.9352915293075,0.31118,0.31995,0.07053,0,0.31334,0.17005,"8.MixedInt_Species",-0.24394,2.15775,3.00885,NA,NA,1.00023,1.00023,NA,NA,1.00023
"5cm",8,"logDBH.cm, logWoodDensity.g.cm3",204,NA,"Fixed",31,0.9105,147.69131,160.96379,8.96173076265894,17.3532224871349,75.7638340732073,77.0886096538468,0.34077,0.34126,0.05905,NA,0.3433,NA,"8.Fixed",-0.12722,2.09311,2.89104,NA,NA,1.00626,1.00626,NA,NA,1.00626
"5cm",1,"logDBH.cm",204,NA,"Fixed",32,0.8984,171.56376,181.51812,9.36237348746463,18.1290148564364,76.1168584131097,77.4478068337407,0.36308,0.3619,0.05931,NA,0.36487,NA,"1.Fixed",-1.19187,2.11707,NA,NA,NA,NA,NA,NA,NA,-Inf
"5cm",9,"logHeight.m, logCanopyDiameter.m",204,NA,"Fixed",33,0.84437,260.55266,273.82514,16.5842266362923,32.1131913263663,68.4617486815993,69.6588429676887,0.44936,0.45306,0.09713,NA,0.4527,NA,"9.Fixed",-0.83071,1.34563,1.55879,NA,NA,1.1334,1.1334,NA,NA,1.1334
"5cm",15,"logHeight.m, logCanopyDiameter.m, logWoodDensity.g.cm3",204,NA,"Fixed",34,0.84451,262.37465,278.96525,16.7585973223158,32.4508374116971,68.3073442948052,69.5017387286014,0.44916,0.44406,0.12702,NA,0.45363,NA,"15.Fixed",-0.74369,1.34956,1.55106,0.24948,NA,1.14378,1.22131,1.07757,NA,1.22131
"5cm",5,"logComp.Can.H.Den",204,NA,"Fixed",35,0.82266,285.1924,295.14676,16.0021179805311,30.9860138555588,69.4945262321336,70.7096792463208,0.47968,0.48017,0.08104,NA,0.48205,NA,"5.Fixed",0.34268,0.86504,NA,NA,NA,NA,NA,NA,NA,-Inf
"5cm",11,"logCanopyDiameter.m, logWoodDensity.g.cm3",204,"Site","MixedInt",36,0.76718,372.5347,389.1253,19.9637794701463,38.6572544974289,72.16382787609,73.425655212908,0.56218,0.58624,0.06621,0,0.56922,0.2403,"11.MixedInt_Site",1.40742,1.93924,-0.55546,NA,NA,1.03954,1.03954,NA,NA,1.03954
"5cm",3,"logCanopyDiameter.m",204,"Site","MixedIntSlope",37,0.80282,368.55576,388.46448,18.9498837252555,36.6939776588566,68.7325689295363,69.9343986683069,0.53877,0.56182,0.11153,0,0.55062,0.32289,"3.MixedIntSlope_Site",1.43646,2.0455,NA,NA,NA,NA,NA,NA,NA,-Inf
"5cm",11,"logCanopyDiameter.m, logWoodDensity.g.cm3",204,NA,"Fixed",38,0.69952,394.76236,408.03484,23.6895000249877,45.8716262996312,83.3866564429859,84.8447215944947,0.62438,0.63269,0.04302,NA,0.62903,NA,"11.Fixed",1.60573,1.88486,-0.52738,NA,NA,1.06778,1.06778,NA,NA,1.06778
"5cm",3,"logCanopyDiameter.m",204,"Site","MixedInt",39,0.76678,371.07509,384.34757,19.3609794897911,37.4900109759062,71.916939283807,73.1744496271386,0.56303,0.58081,0.08285,0,0.57006,0.23799,"3.MixedInt_Site",1.61675,1.92673,NA,NA,NA,NA,NA,NA,NA,-Inf
"5cm",3,"logCanopyDiameter.m",204,NA,"Fixed",40,0.69891,393.17753,403.13189,23.3339081965978,45.1830691139623,83.1942666213281,84.6489677226827,0.62502,0.63133,0.0664,NA,0.62811,NA,"3.Fixed",1.80599,1.87045,NA,NA,NA,NA,NA,NA,NA,-Inf
"5cm",10,"logHeight.m, logWoodDensity.g.cm3",204,"Species&Site","MixedInt",41,0.76731,453.52751,473.43623,24.608453369203,47.6510595653469,105.799153241907,107.649114194672,0.66937,0.69814,0.11728,0,0.68057,0.41231,"10.MixedInt_Species&Site",-2.14181,3.04173,2.40038,NA,NA,1.00003,1.00003,NA,NA,1.00003
"5cm",2,"logHeight.m",204,"Species&Site","MixedInt",42,0.7688,453.26445,469.85505,23.8698356831698,46.2208227753651,105.313510178248,107.15497937397,0.66865,0.68268,0.15599,0,0.68051,0.43563,"2.MixedInt_Species&Site",-2.98099,3.0502,NA,NA,NA,NA,NA,NA,NA,-Inf
"5cm",10,"logHeight.m, logWoodDensity.g.cm3",204,"Site","MixedInt",43,0.76624,452.42235,469.01295,24.891586761271,48.1993104419038,107.586999914021,109.46822242637,0.67555,0.69546,0.11953,0,0.68473,0.42779,"10.MixedInt_Site",-2.12203,3.0154,2.29912,NA,NA,1.00003,1.00003,NA,NA,1.00003
"5cm",2,"logHeight.m",204,"Site","MixedInt",44,0.75637,460.54678,473.81926,23.2028715710417,44.9293337834264,108.800604700706,110.70304781264,0.69236,0.69411,0.1839,0,0.70178,0.43186,"2.MixedInt_Site",-2.90206,3.01115,NA,NA,NA,NA,NA,NA,NA,-Inf
"5cm",2,"logHeight.m",204,"Species","MixedInt",45,0.55537,497.37741,510.64989,27.6723210201864,53.5838395636244,98.8554908673208,100.584037764599,0.78131,0.78968,0.12123,0,0.78675,0.18101,"2.MixedInt_Species",-0.9094,2.18405,NA,NA,NA,NA,NA,NA,NA,-Inf
"5cm",10,"logHeight.m, logWoodDensity.g.cm3",204,"Species","MixedInt",46,0.55451,498.54005,515.13065,28.1616307304903,54.5313239829732,98.6687532258056,100.394034904652,0.78148,0.78485,0.12593,0,0.78679,0.13961,"10.MixedInt_Species",0.0351,2.18016,2.73474,NA,NA,1.00001,1.00001,NA,NA,1.00001
"5cm",10,"logHeight.m, logWoodDensity.g.cm3",204,NA,"Fixed",47,0.45099,517.721,530.99348,34.5809057640757,66.9614126359453,103.071587152386,104.873854994128,0.84398,0.85063,0.12274,NA,0.85026,NA,"10.Fixed",0.39058,2.04808,2.93366,NA,NA,1.00001,1.00001,NA,NA,1.00001
"5cm",2,"logHeight.m",204,NA,"Fixed",48,0.4161,528.29214,538.2465,37.9118163936856,73.4112865242828,104.55837082455,106.386635960735,0.87039,0.8701,0.14059,NA,0.87469,NA,"2.Fixed",-0.63156,2.04946,NA,NA,NA,NA,NA,NA,NA,-Inf
"5cm",1,"logDBH.cm",204,"Species&Site","MixedIntSlope",49,0.96207,48.23992,78.103,7.00168884644267,13.5578570206857,28.7118778210588,29.2139220361772,0.23414,0.24652,0.04647,1,0.2407,NA,"1.MixedIntSlope_Species&Site",-1.48399,2.25182,NA,NA,NA,NA,NA,NA,NA,-Inf
"5cm",2,"logHeight.m",204,"Species&Site","MixedIntSlope",50,0.80852,443.79149,473.65456,26.2308271689765,50.7925747760108,94.9683736917978,96.6289520394877,0.63575,0.65932,0.13187,1,0.64802,NA,"2.MixedIntSlope_Species&Site",-3.53204,3.26613,NA,NA,NA,NA,NA,NA,NA,-Inf
"5cm",2,"logHeight.m",204,"Species","MixedIntSlope",51,0.59505,493.81597,513.72469,28.7077641476873,55.5888400975801,98.4370966514729,100.158327677703,0.76625,0.77119,0.1587,1,0.77162,NA,"2.MixedIntSlope_Species",-1.18648,2.29745,NA,NA,NA,NA,NA,NA,NA,-Inf
"5cm",2,"logHeight.m",204,"Site","MixedIntSlope",52,0.79157,448.46263,468.37135,20.8767127706038,40.4250307337742,98.163245115476,99.8796876851545,0.66343,0.67594,0.10886,1,0.67279,NA,"2.MixedIntSlope_Site",-3.42479,3.21897,NA,NA,NA,NA,NA,NA,NA,-Inf
"5cm",3,"logCanopyDiameter.m",204,"Species&Site","MixedInt",53,0.76678,373.07509,389.66568,19.3609794580781,37.4900109144982,71.9169392801597,73.1744496234275,0.56303,0.57865,0.11555,1,0.57006,NA,"3.MixedInt_Species&Site",1.61675,1.92673,NA,NA,NA,NA,NA,NA,NA,-Inf
"5cm",3,"logCanopyDiameter.m",204,"Species&Site","MixedIntSlope",54,0.81552,370.31638,400.17946,18.2098381436546,35.2609759353892,68.4686063813246,69.6658205783615,0.52761,0.56361,0.09704,1,0.54099,NA,"3.MixedIntSlope_Species&Site",1.36527,2.083,NA,NA,NA,NA,NA,NA,NA,-Inf
"5cm",3,"logCanopyDiameter.m",204,"Species","MixedInt",55,0.71642,393.83487,407.10735,23.1026482033893,44.7352643069667,83.5291913289631,84.9897487875026,0.61613,0.6208,0.11136,0,0.61884,0.0212,"3.MixedInt_Species",1.74844,1.91901,NA,NA,NA,NA,NA,NA,NA,-Inf
"5cm",3,"logCanopyDiameter.m",204,"Species","MixedIntSlope",56,0.7318,396.32429,416.23301,20.2580075714499,39.2269888310203,82.1829518850811,83.6199695483771,0.60753,0.6241,0.09055,0,0.61264,0.04461,"3.MixedIntSlope_Species",1.67407,1.96581,NA,NA,NA,NA,NA,NA,NA,-Inf
"5cm",4,"logComp.DBH.H.Den",204,"Species&Site","MixedIntSlope",57,0.96248,49.1178,78.98088,7.19848534850776,13.9389277731407,36.5826700470824,37.2223397330982,0.23179,0.24352,0.04341,1,0.23889,NA,"4.MixedIntSlope_Species&Site",-2.2243,0.9121,NA,NA,NA,NA,NA,NA,NA,-Inf
"5cm",4,"logComp.DBH.H.Den",204,"Species","MixedInt",58,0.92356,120.30541,133.57789,10.4294263588254,20.1952235356141,49.8259853470345,50.6972222567884,0.31232,0.3159,0.0333,0,0.31428,0.07535,"4.MixedInt_Species",-1.81248,0.853,NA,NA,NA,NA,NA,NA,NA,-Inf
"5cm",4,"logComp.DBH.H.Den",204,"Species","MixedIntSlope",59,0.92663,122.06005,141.96877,10.5312839468766,20.392457466678,51.5353512001882,52.4364773858524,0.30707,0.31319,0.06059,0,0.3104,0.09538,"4.MixedIntSlope_Species",-1.84189,0.85813,NA,NA,NA,NA,NA,NA,NA,-Inf
"5cm",5,"logComp.Can.H.Den",204,"Species&Site","MixedInt",60,0.82534,289.10781,305.69841,15.5969386279488,30.20143689841,69.6590560993047,70.8770860158158,0.47798,0.485,0.06654,1,0.47873,NA,"5.MixedInt_Species&Site",0.32531,0.86886,NA,NA,NA,NA,NA,NA,NA,-Inf
"5cm",5,"logComp.Can.H.Den",204,"Species&Site","MixedIntSlope",61,0.85632,284.87402,314.7371,13.5913640642725,26.3179034002794,64.3705974659467,65.4961555462262,0.44713,0.46232,0.08388,1,0.45336,NA,"5.MixedIntSlope_Species&Site",0.08433,0.91391,NA,NA,NA,NA,NA,NA,NA,-Inf
"5cm",5,"logComp.Can.H.Den",204,"Species","MixedInt",62,0.82534,287.10781,300.38029,15.5968141753551,30.2011959121983,69.6590887772707,70.8771192651754,0.47798,0.47959,0.1008,0,0.47873,0.00397,"5.MixedInt_Species",0.32531,0.86886,NA,NA,NA,NA,NA,NA,NA,-Inf
"5cm",5,"logComp.Can.H.Den",204,"Species","MixedIntSlope",63,0.84274,284.16384,304.07256,14.2007204763087,27.4978425964096,67.0209669338199,68.1928682964011,0.46368,0.46753,0.08169,1,0.46631,NA,"5.MixedIntSlope_Species",0.17735,0.89685,NA,NA,NA,NA,NA,NA,NA,-Inf
"5cm",5,"logComp.Can.H.Den",204,"Site","MixedInt",64,0.82338,287.1924,300.46488,15.9487988162951,30.8827682499589,69.521378609733,70.7370011536709,0.47968,0.4845,0.0682,1,0.47968,NA,"5.MixedInt_Site",0.34268,0.86504,NA,NA,NA,NA,NA,NA,NA,-Inf
"5cm",5,"logComp.Can.H.Den",204,"Site","MixedIntSlope",65,0.84434,284.22451,304.13323,14.5931737554176,28.2577771725028,64.8196835626282,65.9530941796988,0.45795,0.47327,0.03422,1,0.46263,NA,"5.MixedIntSlope_Site",0.19006,0.89245,NA,NA,NA,NA,NA,NA,NA,-Inf
"5cm",6,"logDBH.cm, logHeight.m",204,"Species&Site","MixedIntSlope",66,0.95948,79.2613,132.35122,6.83353857415702,13.2322559550519,46.8036108211518,47.6219997194975,0.23959,0.34132,0.04729,0,0.24781,NA,"6.MixedIntSlope_Species&Site",-2.1508,1.97662,0.56539,NA,NA,1.10121,1.10121,NA,NA,1.10121
"5cm",6,"logDBH.cm, logHeight.m",204,"Species","MixedIntSlope",67,0.95599,87.50637,120.68757,9.58987464308904,18.5695411648232,51.3689468902342,52.2671633978306,0.26608,1.18845,0.92197,1,0.2698,NA,"6.MixedIntSlope_Species",-1.56832,2.05021,0.25674,NA,NA,1.01888,1.01888,NA,NA,1.01888
"5cm",6,"logDBH.cm, logHeight.m",204,"Site","MixedIntSlope",68,0.95704,79.42439,112.60559,6.79770851236686,13.1628757147346,32.2986435232885,32.8634044643212,0.25359,1.62018,0.28314,1,0.25998,NA,"6.MixedIntSlope_Site",-2.04925,1.97724,0.53736,NA,NA,1.08364,1.08364,NA,NA,1.08364
"5cm",7,"logDBH.cm, logCanopyDiameter.m",204,"Species&Site","MixedIntSlope",69,0.95929,53.07218,106.1621,6.45350743217377,12.496375226928,30.9795328654023,31.521228374107,0.23329,0.30454,0.08685,1,0.23864,NA,"7.MixedIntSlope_Species&Site",-1.00605,1.84153,0.37501,NA,NA,1.22593,1.22593,NA,NA,1.22593
"5cm",7,"logDBH.cm, logCanopyDiameter.m",204,"Species","MixedIntSlope",70,0.94202,97.60047,130.78167,6.78025393055462,13.1290771941553,59.8470239227955,60.8934846363631,0.2834,0.29882,0.06879,1,0.28546,NA,"7.MixedIntSlope_Species",-0.94414,1.80777,0.43155,NA,NA,1.38885,1.38885,NA,NA,1.38885
"5cm",7,"logDBH.cm, logCanopyDiameter.m",204,"Site","MixedIntSlope",71,0.95663,55.34922,88.53042,7.72114710050025,14.9509940701592,30.6470412738472,31.1829229698449,0.24672,0.36828,0.09762,1,0.2509,NA,"7.MixedIntSlope_Site",-1.02523,1.79208,0.4827,NA,NA,1.27237,1.27237,NA,NA,1.27237
"5cm",8,"logDBH.cm, logWoodDensity.g.cm3",204,"Species&Site","MixedInt",72,0.94736,87.9916,107.90032,8.60598986378591,16.6643766459231,46.1306774827676,46.9372997425186,0.2758,0.27962,0.0661,1,0.2795,NA,"8.MixedInt_Species&Site",-0.27168,2.21223,3.3718,NA,NA,1.00029,1.00029,NA,NA,1.00029
"5cm",8,"logDBH.cm, logWoodDensity.g.cm3",204,"Species&Site","MixedIntSlope",73,0.95462,90.89473,143.98465,7.28014404961285,14.0970491947517,47.7280708860552,48.5626245170103,0.25759,0.29443,0.06949,1,0.26318,NA,"8.MixedIntSlope_Species&Site",-0.51463,2.22779,2.63548,NA,NA,1.00024,1.00024,NA,NA,1.00024
"5cm",8,"logDBH.cm, logWoodDensity.g.cm3",204,"Species","MixedIntSlope",74,0.93791,116.65073,149.83193,9.93562385183816,19.2390394016118,64.3194911513669,65.4441556074206,0.29797,0.40264,0.07745,1,0.30006,NA,"8.MixedIntSlope_Species",-0.22538,2.18687,3.2181,NA,NA,1.00131,1.00131,NA,NA,1.00131
"5cm",8,"logDBH.cm, logWoodDensity.g.cm3",204,"Site","MixedIntSlope",75,0.96458,33.02996,66.21116,6.66133986323625,12.8988156161547,28.3650378818196,28.8610173948606,0.22907,0.63659,0.10979,1,0.23427,NA,"8.MixedIntSlope_Site",-0.31802,2.23915,3.28878,NA,NA,1,1,NA,NA,1
"5cm",9,"logHeight.m, logCanopyDiameter.m",204,"Species&Site","MixedInt",76,0.85893,262.24812,282.15684,13.9413213939989,26.9955501143549,71.6242610119967,72.8766537021337,0.43368,0.44996,0.08026,1,0.43811,NA,"9.MixedInt_Species&Site",-1.30412,1.60492,1.46689,NA,NA,1.31573,1.31573,NA,NA,1.31573
"5cm",9,"logHeight.m, logCanopyDiameter.m",204,"Species&Site","MixedIntSlope",77,0.8746,276.56182,329.65174,13.2712651408941,25.6980735948111,67.4775897079703,68.6574753906188,0.42041,0.45254,0.047,1,0.42581,NA,"9.MixedIntSlope_Species&Site",-1.56405,1.74399,1.43551,NA,NA,1.19692,1.19692,NA,NA,1.19692
"5cm",9,"logHeight.m, logCanopyDiameter.m",204,"Species","MixedInt",78,0.84501,262.55266,279.14326,16.7672282894747,32.4675501536165,68.4935144913027,69.6911642214177,0.44936,0.45775,0.07577,1,0.44936,NA,"9.MixedInt_Species",-0.83071,1.34563,1.55879,NA,NA,1.1334,1.1334,NA,NA,1.1334
"5cm",9,"logHeight.m, logCanopyDiameter.m",204,"Species","MixedIntSlope",79,0.8551,268.20741,301.38861,15.7842954707397,30.5642289821651,65.5047025857805,66.6500911668131,0.43763,0.46052,0.08829,1,0.44005,NA,"9.MixedIntSlope_Species",-0.9176,1.36079,1.58438,NA,NA,1.03999,1.03999,NA,NA,1.03999
"5cm",9,"logHeight.m, logCanopyDiameter.m",204,"Site","MixedInt",80,0.85893,260.24812,276.83872,13.9413206230394,26.9955486214926,71.6242622979241,72.8766550105463,0.43368,0.45774,0.08804,0,0.43811,0.08762,"9.MixedInt_Site",-1.30412,1.60492,1.46689,NA,NA,1.31573,1.31573,NA,NA,1.31573
"5cm",9,"logHeight.m, logCanopyDiameter.m",204,"Site","MixedIntSlope",81,0.88398,254.384,287.5652,12.0137812642931,23.2631201173461,67.7078380098218,68.8917497206076,0.40511,0.9757,0.22237,1,0.4123,NA,"9.MixedIntSlope_Site",-1.85215,1.85246,1.39483,NA,NA,1.08494,1.08494,NA,NA,1.08494
"5cm",10,"logHeight.m, logWoodDensity.g.cm3",204,"Species&Site","MixedIntSlope",82,0.77509,473.09203,526.18195,24.7498571233338,47.9248694878869,102.83857914414,104.636772702641,0.66572,0.68989,0.10648,1,0.67778,NA,"10.MixedIntSlope_Species&Site",-2.49461,3.12715,1.92804,NA,NA,1.00095,1.00095,NA,NA,1.00095
"5cm",10,"logHeight.m, logWoodDensity.g.cm3",204,"Species","MixedIntSlope",83,0.60139,500.13574,533.31693,26.9818295475986,52.2467929075017,98.749849180604,100.476548870325,0.76429,1.44057,0.24472,1,0.76957,NA,"10.MixedIntSlope_Species",-0.24619,2.33384,3.00089,NA,NA,1.00136,1.00136,NA,NA,1.00136
"5cm",10,"logHeight.m, logWoodDensity.g.cm3",204,"Site","MixedIntSlope",84,0.80716,443.42817,476.60937,25.2146732967865,48.8249253685158,96.5986902000853,98.2877755989997,0.64166,2.37176,0.23051,1,0.65076,NA,"10.MixedIntSlope_Site",-2.70951,3.28666,2.56345,NA,NA,1.00105,1.00105,NA,NA,1.00105
"5cm",11,"logCanopyDiameter.m, logWoodDensity.g.cm3",204,"Species&Site","MixedInt",85,0.76718,374.5347,394.44342,19.9637791710946,38.6572539183543,72.16382805748,73.4256553974697,0.56218,0.59188,0.11074,1,0.56922,NA,"11.MixedInt_Species&Site",1.40742,1.93924,-0.55546,NA,NA,1.03954,1.03954,NA,NA,1.03954
"5cm",11,"logCanopyDiameter.m, logWoodDensity.g.cm3",204,"Species&Site","MixedIntSlope",86,0.81612,384.85942,437.94934,18.0067324817389,34.8676883179675,69.3482524167126,70.56084774647,0.53291,0.62821,0.08693,1,0.54465,NA,"11.MixedIntSlope_Species&Site",2.29131,2.01857,2.4351,NA,NA,1.00008,1.00008,NA,NA,1.00008
"5cm",11,"logCanopyDiameter.m, logWoodDensity.g.cm3",204,"Species","MixedInt",87,0.71417,395.65207,412.24267,23.7633283817536,46.0145852809649,83.593899287781,85.0555882033641,0.61629,0.63126,0.09771,0,0.61887,0.01894,"11.MixedInt_Species",1.56155,1.92299,-0.52911,NA,NA,1.02758,1.02758,NA,NA,1.02758
"5cm",11,"logCanopyDiameter.m, logWoodDensity.g.cm3",204,"Species","MixedIntSlope",88,0.72915,403.45757,436.63877,20.5000155389044,39.695605687978,82.649384275748,84.0945577860749,0.60632,0.68974,0.12203,1,0.61107,NA,"11.MixedIntSlope_Species",1.17372,1.976,-1.38732,NA,NA,1.02222,1.02222,NA,NA,1.02222
"5cm",11,"logCanopyDiameter.m, logWoodDensity.g.cm3",204,"Site","MixedIntSlope",89,0.80272,374.46346,407.64466,17.480042853544,33.8478225641541,69.9045260673566,71.1268481718679,0.53565,0.72697,0.13233,1,0.54725,NA,"11.MixedIntSlope_Site",1.9191,1.97665,1.14699,NA,NA,1.00077,1.00077,NA,NA,1.00077
"5cm",12,"logDBH.cm, logHeight.m, logCanopyDiameter.m",204,"Species&Site","MixedIntSlope",90,0.97327,12.65342,88.97018,5.20337096847939,10.0756490560235,27.9471855270186,28.4358586437727,0.19142,0.8932,0.20186,1,0.19962,NA,"12.MixedIntSlope_Species&Site",-1.79735,1.75285,0.47476,0.37026,NA,1.18927,1.05545,1.13084,NA,1.18927
"5cm",12,"logDBH.cm, logHeight.m, logCanopyDiameter.m",204,"Species","MixedIntSlope",91,0.96274,58.58841,105.04209,6.04047786585155,11.6965973549997,44.8326608343912,45.616586503083,0.24469,0.61354,0.65402,1,0.24772,NA,"12.MixedIntSlope_Species",-1.34282,1.6365,0.36285,0.46399,NA,1.30811,1.05209,1.2724,NA,1.30811
"5cm",12,"logDBH.cm, logHeight.m, logCanopyDiameter.m",204,"Site","MixedIntSlope",92,0.96424,38.51209,84.96577,7.28373325490354,14.1039992225545,30.9102687173745,31.4507531013645,0.22335,1.38487,0.38988,1,0.23028,NA,"12.MixedIntSlope_Site",-1.77958,1.63565,0.5451,0.47428,NA,1.26743,1.06294,1.20346,NA,1.26743
"5cm",13,"logDBH.cm, logHeight.m, logWoodDensity.g.cm3",204,"Species&Site","MixedInt",93,0.94889,74.73521,97.96205,8.19307185257571,15.8648147859159,48.4815432930016,49.3292718359396,0.26834,0.28007,0.04727,1,0.27169,NA,"13.MixedInt_Species&Site",-0.91882,1.97755,0.48699,3.06559,NA,1.96414,1.95967,1.00403,NA,1.96414
"5cm",13,"logDBH.cm, logHeight.m, logWoodDensity.g.cm3",204,"Species&Site","MixedIntSlope",94,0.97172,32.38888,108.70564,5.98483447325778,11.5888511844003,29.0434695799273,29.5513118736444,0.20517,0.87438,0.1111,1,0.2123,NA,"13.MixedIntSlope_Species&Site",-0.82398,2.08217,0.39162,3.23473,NA,1.03785,1.03656,1.00385,NA,1.03785
"5cm",13,"logDBH.cm, logHeight.m, logWoodDensity.g.cm3",204,"Species","MixedInt",95,0.93527,97.20325,117.11197,9.2615940443012,17.9338686122944,54.4655290979135,55.4178911822532,0.29269,0.3014,0.02525,0,0.29446,0.06205,"13.MixedInt_Species",-0.75036,1.95262,0.39094,2.68701,NA,1.62518,1.62518,1.00001,NA,1.62518
"5cm",13,"logDBH.cm, logHeight.m, logWoodDensity.g.cm3",204,"Species","MixedIntSlope",96,0.97083,97.56393,144.01761,10.1336093738874,19.6224125361481,50.6267100121389,51.511948067639,0.26569,1.47106,0.7897,1,0.2693,NA,"13.MixedIntSlope_Species",-0.39623,2.05272,0.24443,3.35946,NA,1.01889,1.02037,1.00147,NA,1.02037
"5cm",13,"logDBH.cm, logHeight.m, logWoodDensity.g.cm3",204,"Site","MixedIntSlope",97,0.97172,14.38888,60.84256,5.9844402118345,11.5880877485889,29.0433849432603,29.551225757055,0.20517,1.79282,0.39765,1,0.2123,NA,"13.MixedIntSlope_Site",-0.95309,2.0557,0.43571,2.98753,NA,1.03989,1.03724,1.00359,NA,1.03989
"5cm",14,"logDBH.cm, logCanopyDiameter.m, logWoodDensity.g.cm3",204,"Species&Site","MixedInt",98,0.95921,42.43938,65.66622,6.75378756002382,13.0778285203877,33.8735949053771,34.4658948055611,0.24363,0.24849,0.05408,1,0.24702,NA,"14.MixedInt_Species&Site",-0.40233,1.81168,0.4651,1.94905,NA,2.76246,2.86642,1.10933,NA,2.86642
"5cm",14,"logDBH.cm, logCanopyDiameter.m, logWoodDensity.g.cm3",204,"Species&Site","MixedIntSlope",99,0.96902,28.71669,105.03345,5.70415434032853,11.0453507241171,25.8199145531752,26.2713910750892,0.20992,0.85359,0.09856,1,0.21543,NA,"14.MixedIntSlope_Species&Site",-0.40009,1.9032,0.35741,2.15395,NA,1.16311,1.20546,1.04667,NA,1.20546
"5cm",14,"logDBH.cm, logCanopyDiameter.m, logWoodDensity.g.cm3",204,"Species","MixedIntSlope",100,0.94292,103.27754,149.73122,6.68715764667188,12.9488083856262,60.0474452274728,61.0974104264393,0.28186,0.33009,0.05491,1,0.2843,NA,"14.MixedIntSlope_Species",-0.45996,1.8538,0.37285,1.52002,NA,1.44244,1.51198,1.09137,NA,1.51198
"5cm",14,"logDBH.cm, logCanopyDiameter.m, logWoodDensity.g.cm3",204,"Site","MixedIntSlope",101,0.96844,11.10731,57.56099,5.49339796422489,10.6372484967719,25.8346099642279,26.2863434441213,0.21178,0.71054,0.12225,1,0.21668,NA,"14.MixedIntSlope_Site",-0.44948,1.9142,0.34032,2.01682,NA,1.21352,1.3024,1.08729,NA,1.3024
"5cm",15,"logHeight.m, logCanopyDiameter.m, logWoodDensity.g.cm3",204,"Species&Site","MixedInt",102,0.85999,263.75511,286.98195,14.7469582632773,28.5555608094632,71.6323509703694,72.8848851182274,0.43277,0.45436,0.07295,1,0.43727,NA,"15.MixedInt_Species&Site",-1.18384,1.62356,1.45123,0.41189,NA,1.34492,1.40322,1.0623,NA,1.40322
"5cm",15,"logHeight.m, logCanopyDiameter.m, logWoodDensity.g.cm3",204,"Species&Site","MixedIntSlope",103,0.89065,276.9749,353.29166,13.0066241586467,25.1856308573784,66.9541638124623,68.1248970828401,0.39775,1.30954,0.1685,1,0.4062,NA,"15.MixedIntSlope_Species&Site",-1.49416,1.85099,1.41007,1.12446,NA,1.05059,1.0542,1.00649,NA,1.0542
"5cm",15,"logHeight.m, logCanopyDiameter.m, logWoodDensity.g.cm3",204,"Species","MixedInt",104,0.84515,264.37465,284.28337,16.6740866060603,32.2871934348172,68.3502047584117,69.5453486328381,0.44916,0.45682,0.07811,1,0.44916,NA,"15.MixedInt_Species",-0.74369,1.34956,1.55106,0.24948,NA,1.14378,1.22131,1.07757,NA,1.22131
"5cm",15,"logHeight.m, logCanopyDiameter.m, logWoodDensity.g.cm3",204,"Species","MixedIntSlope",105,0.85544,276.17632,322.63,15.7960504278309,30.5869909230371,65.5542422306735,66.7004970417831,0.43774,0.4669,0.0765,1,0.44013,NA,"15.MixedIntSlope_Species",-0.84796,1.35886,1.58496,0.19166,NA,1.04974,1.06469,1.03042,NA,1.06469
"5cm",15,"logHeight.m, logCanopyDiameter.m, logWoodDensity.g.cm3",204,"Site","MixedInt",106,0.85999,261.75511,281.66383,14.7469622724875,28.5555685727756,71.6323458396855,72.8848798978305,0.43277,0.45151,0.09701,0,0.43727,0.09343,"15.MixedInt_Site",-1.18384,1.62356,1.45123,0.41189,NA,1.34492,1.40322,1.0623,NA,1.40322
"5cm",15,"logHeight.m, logCanopyDiameter.m, logWoodDensity.g.cm3",204,"Site","MixedIntSlope",107,0.88578,260.98305,307.43673,13.1127956275854,25.3912180559981,67.7529930223716,68.9376942953371,0.40362,2.13788,0.49676,1,0.41067,NA,"15.MixedIntSlope_Site",-1.65258,1.8771,1.37157,0.66432,NA,1.08848,1.11586,1.02977,NA,1.11586
"5cm",16,"logDBH.cm, logHeight.m, logCanopyDiameter.m, logWoodDensity.g.cm3",204,"Species&Site","MixedInt",108,0.96152,20.56644,47.1114,5.94089738326175,11.5037727415938,38.4316766924182,39.1036773564283,0.23236,0.2458,0.05441,1,0.2354,NA,"16.MixedInt_Species&Site",-0.96456,1.59213,0.49652,0.48683,1.93119,4.2076,2.18009,2.90005,1.10914,4.2076
"5cm",16,"logDBH.cm, logHeight.m, logCanopyDiameter.m, logWoodDensity.g.cm3",204,"Species&Site","MixedIntSlope",109,0.9692,41.1798,140.7234,5.5514856395507,10.7497277020042,36.0676479153085,36.6983121338476,0.20837,0.76821,0.18236,1,0.21433,NA,"16.MixedIntSlope_Species&Site",-1.23367,1.59387,0.58584,0.47403,1.7922,1.81462,1.14518,1.71511,1.06388,1.81462
"5cm",16,"logDBH.cm, logHeight.m, logCanopyDiameter.m, logWoodDensity.g.cm3",204,"Species","MixedInt",110,0.95021,47.51117,70.73801,6.32278265737035,12.2432437546909,46.2303199196215,47.0386844864871,0.25708,0.26219,0.05229,0,0.25874,0.09169,"16.MixedInt_Species",-0.92773,1.48186,0.56044,0.50553,1.63719,4.17524,1.8063,2.9818,1.01454,4.17524
"5cm",16,"logDBH.cm, logHeight.m, logCanopyDiameter.m, logWoodDensity.g.cm3",204,"Species","MixedIntSlope",111,0.96447,65.5532,125.27936,6.0775657467635,11.768413197953,45.0275894284157,45.8149235392025,0.24367,0.98825,0.72329,1,0.24674,NA,"16.MixedIntSlope_Species",-0.73645,1.6565,0.34565,0.44643,1.73336,1.30673,1.0498,1.32788,1.05168,1.32788
"5cm",16,"logDBH.cm, logHeight.m, logCanopyDiameter.m, logWoodDensity.g.cm3",204,"Site","MixedIntSlope",112,0.97409,-8.65438,51.07178,5.06689052691139,9.81137248597297,27.9022358554816,28.3901230005654,0.19232,1.48049,0.34671,1,0.19865,NA,"16.MixedIntSlope_Site",-1.07962,1.78979,0.45378,0.3388,2.0669,1.23057,1.06542,1.24726,1.08728,1.24726
